constructorStandingsId,year,round,constructorId,points,position,positionText,wins
1,2010,1,ferrari,43,1,1,1
2,2010,1,mclaren,21,2,2,0
3,2010,1,mercedes,18,3,3,0
4,2010,1,red_bull,16,4,4,0
5,2010,1,force_india,2,5,5,0
6,2010,1,williams,1,6,6,0
7,2010,1,renault,0,7,7,0
8,2010,1,toro_rosso,0,8,8,0
9,2010,1,lotus_racing,0,9,9,0
10,2010,1,sauber,0,10,10,0
11,2010,1,hrt,0,11,11,0
12,2010,1,virgin,0,12,12,0
13,2010,2,ferrari,70,1,1,1
14,2010,2,mclaren,54,2,2,1
15,2010,2,mercedes,29,3,3,0
16,2010,2,renault,18,4,4,0
17,2010,2,red_bull,18,5,5,0
18,2010,2,force_india,8,6,6,0
19,2010,2,williams,5,7,7,0
20,2010,2,toro_rosso,0,8,8,0
21,2010,2,sauber,0,9,9,0
22,2010,2,lotus_racing,0,10,10,0
23,2010,2,hrt,0,11,11,0
24,2010,2,virgin,0,12,12,0
25,2010,3,ferrari,76,1,1,1
26,2010,3,mclaren,66,2,2,1
27,2010,3,red_bull,61,3,3,1
28,2010,3,mercedes,44,4,4,0
29,2010,3,renault,30,5,5,0
30,2010,3,force_india,18,6,6,0
31,2010,3,williams,6,7,7,0
32,2010,3,toro_rosso,2,8,8,0
33,2010,3,sauber,0,9,9,0
34,2010,3,lotus_racing,0,10,10,0
35,2010,3,hrt,0,11,11,0
36,2010,3,virgin,0,12,12,0
37,2010,4,mclaren,109,1,1,2
38,2010,4,ferrari,90,2,2,1
39,2010,4,red_bull,73,3,3,1
40,2010,4,mercedes,60,4,4,0
41,2010,4,renault,46,5,5,0
42,2010,4,force_india,18,6,6,0
43,2010,4,williams,6,7,7,0
44,2010,4,toro_rosso,2,8,8,0
45,2010,4,sauber,0,9,9,0
46,2010,4,lotus_racing,0,10,10,0
47,2010,4,hrt,0,11,11,0
48,2010,4,virgin,0,12,12,0
49,2010,5,mclaren,119,1,1,2
50,2010,5,ferrari,116,2,2,1
51,2010,5,red_bull,113,3,3,2
52,2010,5,mercedes,72,4,4,0
53,2010,5,renault,50,5,5,0
54,2010,5,force_india,24,6,6,0
55,2010,5,williams,8,7,7,0
56,2010,5,toro_rosso,3,8,8,0
57,2010,5,sauber,0,9,9,0
58,2010,5,lotus_racing,0,10,10,0
59,2010,5,hrt,0,11,11,0
60,2010,5,virgin,0,12,12,0
61,2010,6,red_bull,156,1,1,3
62,2010,6,ferrari,136,2,2,1
63,2010,6,mclaren,129,3,3,2
64,2010,6,mercedes,78,4,4,0
65,2010,6,renault,65,5,5,0
66,2010,6,force_india,30,6,6,0
67,2010,6,williams,8,7,7,0
68,2010,6,toro_rosso,4,8,8,0
69,2010,6,sauber,0,9,9,0
70,2010,6,lotus_racing,0,10,10,0
71,2010,6,hrt,0,11,11,0
72,2010,6,virgin,0,12,12,0
73,2010,7,mclaren,172,1,1,3
74,2010,7,red_bull,171,2,2,3
75,2010,7,ferrari,146,3,3,1
76,2010,7,mercedes,100,4,4,0
77,2010,7,renault,73,5,5,0
78,2010,7,force_india,32,6,6,0
79,2010,7,williams,8,7,7,0
80,2010,7,toro_rosso,4,8,8,0
81,2010,7,sauber,1,9,9,0
82,2010,7,lotus_racing,0,10,10,0
83,2010,7,hrt,0,11,11,0
84,2010,7,virgin,0,12,12,0
85,2010,8,mclaren,215,1,1,4
86,2010,8,red_bull,193,2,2,3
87,2010,8,ferrari,161,3,3,1
88,2010,8,mercedes,108,4,4,0
89,2010,8,renault,79,5,5,0
90,2010,8,force_india,35,6,6,0
91,2010,8,toro_rosso,8,7,7,0
92,2010,8,williams,8,8,8,0
93,2010,8,sauber,1,9,9,0
94,2010,8,lotus_racing,0,10,10,0
95,2010,8,hrt,0,11,11,0
96,2010,8,virgin,0,12,12,0
97,2010,9,mclaren,248,1,1,4
98,2010,9,red_bull,218,2,2,4
99,2010,9,ferrari,165,3,3,1
100,2010,9,mercedes,109,4,4,0
101,2010,9,renault,89,5,5,0
102,2010,9,force_india,43,6,6,0
103,2010,9,williams,20,7,7,0
104,2010,9,toro_rosso,10,8,8,0
105,2010,9,sauber,7,9,9,0
106,2010,9,lotus_racing,0,10,10,0
107,2010,9,hrt,0,11,11,0
108,2010,9,virgin,0,12,12,0
109,2010,10,mclaren,278,1,1,4
110,2010,10,red_bull,249,2,2,5
111,2010,10,ferrari,165,3,3,1
112,2010,10,mercedes,126,4,4,0
113,2010,10,renault,89,5,5,0
114,2010,10,force_india,47,6,6,0
115,2010,10,williams,31,7,7,0
116,2010,10,sauber,15,8,8,0
117,2010,10,toro_rosso,10,9,9,0
118,2010,10,lotus_racing,0,10,10,0
119,2010,10,hrt,0,11,11,0
120,2010,10,virgin,0,12,12,0
121,2010,11,mclaren,300,1,1,4
122,2010,11,red_bull,272,2,2,5
123,2010,11,ferrari,208,3,3,2
124,2010,11,mercedes,132,4,4,0
125,2010,11,renault,96,5,5,0
126,2010,11,force_india,47,6,6,0
127,2010,11,williams,31,7,7,0
128,2010,11,sauber,15,8,8,0
129,2010,11,toro_rosso,10,9,9,0
130,2010,11,lotus_racing,0,10,10,0
131,2010,11,hrt,0,11,11,0
132,2010,11,virgin,0,12,12,0
133,2010,12,red_bull,312,1,1,6
134,2010,12,mclaren,304,2,2,4
135,2010,12,ferrari,238,3,3,2
136,2010,12,mercedes,132,4,4,0
137,2010,12,renault,106,5,5,0
138,2010,12,force_india,47,6,6,0
139,2010,12,williams,40,7,7,0
140,2010,12,sauber,23,8,8,0
141,2010,12,toro_rosso,10,9,9,0
142,2010,12,lotus_racing,0,10,10,0
143,2010,12,hrt,0,11,11,0
144,2010,12,virgin,0,12,12,0
145,2010,13,red_bull,330,1,1,6
146,2010,13,mclaren,329,2,2,5
147,2010,13,ferrari,250,3,3,2
148,2010,13,mercedes,146,4,4,0
149,2010,13,renault,123,5,5,0
150,2010,13,force_india,58,6,6,0
151,2010,13,williams,40,7,7,0
152,2010,13,sauber,27,8,8,0
153,2010,13,toro_rosso,10,9,9,0
154,2010,13,lotus_racing,0,10,10,0
155,2010,13,hrt,0,11,11,0
156,2010,13,virgin,0,12,12,0
157,2010,14,red_bull,350,1,1,6
158,2010,14,mclaren,347,2,2,5
159,2010,14,ferrari,290,3,3,3
160,2010,14,mercedes,158,4,4,0
161,2010,14,renault,127,5,5,0
162,2010,14,force_india,58,6,6,0
163,2010,14,williams,47,7,7,0
164,2010,14,sauber,27,8,8,0
165,2010,14,toro_rosso,10,9,9,0
166,2010,14,lotus_racing,0,10,10,0
167,2010,14,hrt,0,11,11,0
168,2010,14,virgin,0,12,12,0
169,2010,15,red_bull,383,1,1,6
170,2010,15,mclaren,359,2,2,5
171,2010,15,ferrari,319,3,3,4
172,2010,15,mercedes,168,4,4,0
173,2010,15,renault,133,5,5,0
174,2010,15,force_india,60,6,6,0
175,2010,15,williams,56,7,7,0
176,2010,15,sauber,27,8,8,0
177,2010,15,toro_rosso,10,9,9,0
178,2010,15,lotus_racing,0,10,10,0
179,2010,15,hrt,0,11,11,0
180,2010,15,virgin,0,12,12,0
181,2010,16,red_bull,426,1,1,7
182,2010,16,mclaren,381,2,2,5
183,2010,16,ferrari,334,3,3,4
184,2010,16,mercedes,176,4,4,0
185,2010,16,renault,133,5,5,0
186,2010,16,force_india,60,6,6,0
187,2010,16,williams,58,7,7,0
188,2010,16,sauber,37,8,8,0
189,2010,16,toro_rosso,11,9,9,0
190,2010,16,lotus_racing,0,10,10,0
191,2010,16,hrt,0,11,11,0
192,2010,16,virgin,0,12,12,0
193,2010,17,red_bull,426,1,1,7
194,2010,17,mclaren,399,2,2,5
195,2010,17,ferrari,374,3,3,5
196,2010,17,mercedes,188,4,4,0
197,2010,17,renault,143,5,5,0
198,2010,17,force_india,68,6,6,0
199,2010,17,williams,65,7,7,0
200,2010,17,sauber,43,8,8,0
201,2010,17,toro_rosso,11,9,9,0
202,2010,17,lotus_racing,0,10,10,0
203,2010,17,hrt,0,11,11,0
204,2010,17,virgin,0,12,12,0
205,2010,18,red_bull,469,1,1,8
206,2010,18,mclaren,421,2,2,5
207,2010,18,ferrari,389,3,3,5
208,2010,18,mercedes,202,4,4,0
209,2010,18,renault,145,5,5,0
210,2010,18,williams,69,6,6,0
211,2010,18,force_india,68,7,7,0
212,2010,18,sauber,44,8,8,0
213,2010,18,toro_rosso,11,9,9,0
214,2010,18,lotus_racing,0,10,10,0
215,2010,18,hrt,0,11,11,0
216,2010,18,virgin,0,12,12,0
217,2010,19,red_bull,498,1,1,9
218,2010,19,mclaren,454,2,2,5
219,2010,19,ferrari,396,3,3,5
220,2010,19,mercedes,214,4,4,0
221,2010,19,renault,163,5,5,0
222,2010,19,williams,69,6,6,0
223,2010,19,force_india,68,7,7,0
224,2010,19,sauber,44,8,8,0
225,2010,19,toro_rosso,13,9,9,0
226,2010,19,lotus_racing,0,10,10,0
227,2010,19,hrt,0,11,11,0
228,2010,19,virgin,0,12,12,0
229,2011,1,red_bull,35,1,1,1
230,2011,1,mclaren,26,2,2,0
231,2011,1,ferrari,18,3,3,0
232,2011,1,renault,15,4,4,0
233,2011,1,toro_rosso,4,5,5,0
234,2011,1,force_india,3,6,6,0
235,2011,1,lotus_racing,0,7,7,0
236,2011,1,virgin,0,8,8,0
237,2011,1,williams,0,9,9,0
238,2011,1,mercedes,0,10,10,0
239,2011,2,red_bull,72,1,1,2
240,2011,2,mclaren,48,2,2,0
241,2011,2,ferrari,36,3,3,0
242,2011,2,renault,30,4,4,0
243,2011,2,sauber,6,5,5,0
244,2011,2,toro_rosso,4,6,6,0
245,2011,2,force_india,4,7,7,0
246,2011,2,mercedes,2,8,8,0
247,2011,2,lotus_racing,0,9,9,0
248,2011,2,virgin,0,10,10,0
249,2011,2,williams,0,11,11,0
250,2011,2,hrt,0,12,12,0
251,2011,3,red_bull,105,1,1,2
252,2011,3,mclaren,85,2,2,1
253,2011,3,ferrari,50,3,3,0
254,2011,3,renault,32,4,4,0
255,2011,3,mercedes,16,5,5,0
256,2011,3,sauber,7,6,6,0
257,2011,3,toro_rosso,4,7,7,0
258,2011,3,force_india,4,8,8,0
259,2011,3,lotus_racing,0,9,9,0
260,2011,3,williams,0,10,10,0
261,2011,3,virgin,0,11,11,0
262,2011,3,hrt,0,12,12,0
263,2011,4,red_bull,148,1,1,3
264,2011,4,mclaren,105,2,2,1
265,2011,4,ferrari,65,3,3,0
266,2011,4,renault,42,4,4,0
267,2011,4,mercedes,26,5,5,0
268,2011,4,sauber,8,6,6,0
269,2011,4,toro_rosso,6,7,7,0
270,2011,4,force_india,4,8,8,0
271,2011,4,lotus_racing,0,9,9,0
272,2011,4,williams,0,10,10,0
273,2011,4,virgin,0,11,11,0
274,2011,4,hrt,0,12,12,0
275,2011,5,red_bull,185,1,1,4
276,2011,5,mclaren,138,2,2,1
277,2011,5,ferrari,75,3,3,0
278,2011,5,renault,46,4,4,0
279,2011,5,mercedes,40,5,5,0
280,2011,5,sauber,11,6,6,0
281,2011,5,toro_rosso,6,7,7,0
282,2011,5,force_india,4,8,8,0
283,2011,5,williams,0,9,9,0
284,2011,5,lotus_racing,0,10,10,0
285,2011,5,virgin,0,11,11,0
286,2011,5,hrt,0,12,12,0
287,2011,6,red_bull,222,1,1,5
288,2011,6,mclaren,161,2,2,1
289,2011,6,ferrari,93,3,3,0
290,2011,6,renault,50,4,4,0
291,2011,6,mercedes,40,5,5,0
292,2011,6,sauber,21,6,6,0
293,2011,6,force_india,10,7,7,0
294,2011,6,toro_rosso,7,8,8,0
295,2011,6,williams,2,9,9,0
296,2011,6,lotus_racing,0,10,10,0
297,2011,6,virgin,0,11,11,0
298,2011,6,hrt,0,12,12,0
299,2011,7,red_bull,255,1,1,5
300,2011,7,mclaren,186,2,2,2
301,2011,7,ferrari,101,3,3,0
302,2011,7,renault,60,4,4,0
303,2011,7,mercedes,52,5,5,0
304,2011,7,sauber,27,6,6,0
305,2011,7,toro_rosso,12,7,7,0
306,2011,7,force_india,10,8,8,0
307,2011,7,williams,4,9,9,0
308,2011,7,lotus_racing,0,10,10,0
309,2011,7,hrt,0,11,11,0
310,2011,7,virgin,0,12,12,0
311,2011,8,red_bull,295,1,1,6
312,2011,8,mclaren,206,2,2,2
313,2011,8,ferrari,129,3,3,0
314,2011,8,renault,61,4,4,0
315,2011,8,mercedes,58,5,5,0
316,2011,8,sauber,27,6,6,0
317,2011,8,toro_rosso,16,7,7,0
318,2011,8,force_india,12,8,8,0
319,2011,8,williams,4,9,9,0
320,2011,8,lotus_racing,0,10,10,0
321,2011,8,hrt,0,11,11,0
322,2011,8,virgin,0,12,12,0
323,2011,9,red_bull,328,1,1,6
324,2011,9,mclaren,218,2,2,2
325,2011,9,ferrari,164,3,3,1
326,2011,9,mercedes,68,4,4,0
327,2011,9,renault,65,5,5,0
328,2011,9,sauber,33,6,6,0
329,2011,9,toro_rosso,17,7,7,0
330,2011,9,force_india,12,8,8,0
331,2011,9,williams,4,9,9,0
332,2011,9,lotus_racing,0,10,10,0
333,2011,9,hrt,0,11,11,0
334,2011,9,virgin,0,12,12,0
335,2011,10,red_bull,355,1,1,6
336,2011,10,mclaren,243,2,2,3
337,2011,10,ferrari,192,3,3,1
338,2011,10,mercedes,78,4,4,0
339,2011,10,renault,66,5,5,0
340,2011,10,sauber,35,6,6,0
341,2011,10,force_india,20,7,7,0
342,2011,10,toro_rosso,17,8,8,0
343,2011,10,williams,4,9,9,0
344,2011,10,lotus_racing,0,10,10,0
345,2011,10,hrt,0,11,11,0
346,2011,10,virgin,0,12,12,0
347,2011,11,red_bull,383,1,1,6
348,2011,11,mclaren,280,2,2,4
349,2011,11,ferrari,215,3,3,1
350,2011,11,mercedes,80,4,4,0
351,2011,11,renault,66,5,5,0
352,2011,11,sauber,35,6,6,0
353,2011,11,force_india,26,7,7,0
354,2011,11,toro_rosso,22,8,8,0
355,2011,11,williams,4,9,9,0
356,2011,11,lotus_racing,0,10,10,0
357,2011,11,hrt,0,11,11,0
358,2011,11,virgin,0,12,12,0
359,2011,12,red_bull,426,1,1,7
360,2011,12,mclaren,295,2,2,4
361,2011,12,ferrari,231,3,3,1
362,2011,12,mercedes,98,4,4,0
363,2011,12,renault,68,5,5,0
364,2011,12,sauber,35,6,6,0
365,2011,12,force_india,32,7,7,0
366,2011,12,toro_rosso,22,8,8,0
367,2011,12,williams,5,9,9,0
368,2011,12,lotus_racing,0,10,10,0
369,2011,12,hrt,0,11,11,0
370,2011,12,virgin,0,12,12,0
371,2011,13,red_bull,451,1,1,8
372,2011,13,mclaren,325,2,2,4
373,2011,13,ferrari,254,3,3,1
374,2011,13,mercedes,108,4,4,0
375,2011,13,renault,70,5,5,0
376,2011,13,force_india,36,6,6,0
377,2011,13,sauber,35,7,7,0
378,2011,13,toro_rosso,29,8,8,0
379,2011,13,williams,5,9,9,0
380,2011,13,lotus_racing,0,10,10,0
381,2011,13,hrt,0,11,11,0
382,2011,13,virgin,0,12,12,0
383,2011,14,red_bull,491,1,1,9
384,2011,14,mclaren,353,2,2,4
385,2011,14,ferrari,268,3,3,1
386,2011,14,mercedes,114,4,4,0
387,2011,14,renault,70,5,5,0
388,2011,14,force_india,48,6,6,0
389,2011,14,sauber,36,7,7,0
390,2011,14,toro_rosso,29,8,8,0
391,2011,14,williams,5,9,9,0
392,2011,14,lotus_racing,0,10,10,0
393,2011,14,hrt,0,11,11,0
394,2011,14,virgin,0,12,12,0
395,2011,15,red_bull,518,1,1,9
396,2011,15,mclaren,388,2,2,5
397,2011,15,ferrari,292,3,3,1
398,2011,15,mercedes,123,4,4,0
399,2011,15,renault,72,5,5,0
400,2011,15,force_india,48,6,6,0
401,2011,15,sauber,40,7,7,0
402,2011,15,toro_rosso,29,8,8,0
403,2011,15,williams,5,9,9,0
404,2011,15,lotus_racing,0,10,10,0
405,2011,15,hrt,0,11,11,0
406,2011,15,virgin,0,12,12,0
407,2011,16,red_bull,558,1,1,10
408,2011,16,mclaren,418,2,2,5
409,2011,16,ferrari,310,3,3,1
410,2011,16,mercedes,127,4,4,0
411,2011,16,renault,72,5,5,0
412,2011,16,force_india,49,6,6,0
413,2011,16,sauber,40,7,7,0
414,2011,16,toro_rosso,37,8,8,0
415,2011,16,williams,5,9,9,0
416,2011,16,lotus_racing,0,10,10,0
417,2011,16,hrt,0,11,11,0
418,2011,16,virgin,0,12,12,0
419,2011,17,red_bull,595,1,1,11
420,2011,17,mclaren,442,2,2,5
421,2011,17,ferrari,325,3,3,1
422,2011,17,mercedes,145,4,4,0
423,2011,17,renault,72,5,5,0
424,2011,17,force_india,51,6,6,0
425,2011,17,sauber,41,7,7,0
426,2011,17,toro_rosso,41,8,8,0
427,2011,17,williams,5,9,9,0
428,2011,17,lotus_racing,0,10,10,0
429,2011,17,hrt,0,11,11,0
430,2011,17,virgin,0,12,12,0
431,2011,18,red_bull,607,1,1,11
432,2011,18,mclaren,482,2,2,6
433,2011,18,ferrari,353,3,3,1
434,2011,18,mercedes,159,4,4,0
435,2011,18,renault,72,5,5,0
436,2011,18,force_india,57,6,6,0
437,2011,18,sauber,42,7,7,0
438,2011,18,toro_rosso,41,8,8,0
439,2011,18,williams,5,9,9,0
440,2011,18,lotus_racing,0,10,10,0
441,2011,18,hrt,0,11,11,0
442,2011,18,virgin,0,12,12,0
443,2011,19,red_bull,650,1,1,12
444,2011,19,mclaren,497,2,2,6
445,2011,19,ferrari,375,3,3,1
446,2011,19,mercedes,165,4,4,0
447,2011,19,renault,73,5,5,0
448,2011,19,force_india,69,6,6,0
449,2011,19,sauber,44,7,7,0
450,2011,19,toro_rosso,41,8,8,0
451,2011,19,williams,5,9,9,0
452,2011,19,lotus_racing,0,10,10,0
453,2011,19,hrt,0,11,11,0
454,2011,19,virgin,0,12,12,0
455,2012,1,mclaren,40,1,1,1
456,2012,1,red_bull,30,2,2,0
457,2012,1,sauber,12,3,3,0
458,2012,1,ferrari,10,4,4,0
459,2012,1,lotus_f1,6,5,5,0
460,2012,1,toro_rosso,2,6,6,0
461,2012,1,force_india,1,7,7,0
462,2012,1,mercedes,0,8,8,0
463,2012,1,williams,0,9,9,0
464,2012,1,marussia,0,10,10,0
465,2012,1,caterham,0,11,11,0
466,2012,2,mclaren,55,1,1,1
467,2012,2,red_bull,42,2,2,0
468,2012,2,ferrari,35,3,3,1
469,2012,2,sauber,30,4,4,0
470,2012,2,lotus_f1,16,5,5,0
471,2012,2,force_india,9,6,6,0
472,2012,2,williams,8,7,7,0
473,2012,2,toro_rosso,6,8,8,0
474,2012,2,mercedes,1,9,9,0
475,2012,2,marussia,0,10,10,0
476,2012,2,caterham,0,11,11,0
477,2012,2,hrt,0,12,12,0
478,2012,3,mclaren,88,1,1,1
479,2012,3,red_bull,64,2,2,0
480,2012,3,ferrari,37,3,3,1
481,2012,3,sauber,31,4,4,0
482,2012,3,mercedes,26,5,5,1
483,2012,3,lotus_f1,24,6,6,0
484,2012,3,williams,18,7,7,0
485,2012,3,force_india,9,8,8,0
486,2012,3,toro_rosso,6,9,9,0
487,2012,3,marussia,0,10,10,0
488,2012,3,caterham,0,11,11,0
489,2012,3,hrt,0,12,12,0
490,2012,4,red_bull,101,1,1,1
491,2012,4,mclaren,92,2,2,1
492,2012,4,lotus_f1,57,3,3,0
493,2012,4,ferrari,45,4,4,1
494,2012,4,mercedes,37,5,5,1
495,2012,4,sauber,31,6,6,0
496,2012,4,williams,18,7,7,0
497,2012,4,force_india,17,8,8,0
498,2012,4,toro_rosso,6,9,9,0
499,2012,4,marussia,0,10,10,0
500,2012,4,caterham,0,11,11,0
501,2012,4,hrt,0,12,12,0
502,2012,5,red_bull,109,1,1,1
503,2012,5,mclaren,98,2,2,1
504,2012,5,lotus_f1,84,3,3,0
505,2012,5,ferrari,63,4,4,1
506,2012,5,mercedes,43,5,5,1
507,2012,5,williams,43,6,6,1
508,2012,5,sauber,41,7,7,0
509,2012,5,force_india,18,8,8,0
510,2012,5,toro_rosso,6,9,9,0
511,2012,5,marussia,0,10,10,0
512,2012,5,caterham,0,11,11,0
513,2012,5,hrt,0,12,12,0
514,2012,6,red_bull,146,1,1,2
515,2012,6,mclaren,108,2,2,1
516,2012,6,ferrari,86,3,3,1
517,2012,6,lotus_f1,86,4,4,0
518,2012,6,mercedes,61,5,5,1
519,2012,6,williams,44,6,6,1
520,2012,6,sauber,41,7,7,0
521,2012,6,force_india,28,8,8,0
522,2012,6,toro_rosso,6,9,9,0
523,2012,6,caterham,0,10,10,0
524,2012,6,marussia,0,11,11,0
525,2012,6,hrt,0,12,12,0
526,2012,7,red_bull,164,1,1,2
527,2012,7,mclaren,133,2,2,2
528,2012,7,lotus_f1,108,3,3,0
529,2012,7,ferrari,97,4,4,1
530,2012,7,mercedes,69,5,5,1
531,2012,7,sauber,58,6,6,0
532,2012,7,williams,44,7,7,1
533,2012,7,force_india,28,8,8,0
534,2012,7,toro_rosso,6,9,9,0
535,2012,7,caterham,0,10,10,0
536,2012,7,marussia,0,11,11,0
537,2012,7,hrt,0,12,12,0
538,2012,8,red_bull,176,1,1,2
539,2012,8,mclaren,137,2,2,2
540,2012,8,lotus_f1,126,3,3,0
541,2012,8,ferrari,122,4,4,2
542,2012,8,mercedes,92,5,5,1
543,2012,8,sauber,60,6,6,0
544,2012,8,williams,45,7,7,1
545,2012,8,force_india,44,8,8,0
546,2012,8,toro_rosso,6,9,9,0
547,2012,8,caterham,0,10,10,0
548,2012,8,marussia,0,11,11,0
549,2012,8,hrt,0,12,12,0
550,2012,9,red_bull,216,1,1,3
551,2012,9,ferrari,152,2,2,2
552,2012,9,lotus_f1,144,3,3,0
553,2012,9,mclaren,142,4,4,2
554,2012,9,mercedes,98,5,5,1
555,2012,9,sauber,60,6,6,0
556,2012,9,williams,47,7,7,1
557,2012,9,force_india,44,8,8,0
558,2012,9,toro_rosso,6,9,9,0
559,2012,9,caterham,0,10,10,0
560,2012,9,marussia,0,11,11,0
561,2012,9,hrt,0,12,12,0
562,2012,10,red_bull,230,1,1,3
563,2012,10,ferrari,177,2,2,3
564,2012,10,mclaren,160,3,3,2
565,2012,10,lotus_f1,159,4,4,0
566,2012,10,mercedes,105,5,5,1
567,2012,10,sauber,80,6,6,0
568,2012,10,williams,47,7,7,1
569,2012,10,force_india,46,8,8,0
570,2012,10,toro_rosso,6,9,9,0
571,2012,10,caterham,0,10,10,0
572,2012,10,marussia,0,11,11,0
573,2012,10,hrt,0,12,12,0
574,2012,11,red_bull,246,1,1,3
575,2012,11,mclaren,193,2,2,3
576,2012,11,lotus_f1,192,3,3,0
577,2012,11,ferrari,189,4,4,3
578,2012,11,mercedes,106,5,5,1
579,2012,11,sauber,80,6,6,0
580,2012,11,williams,53,7,7,1
581,2012,11,force_india,46,8,8,0
582,2012,11,toro_rosso,6,9,9,0
583,2012,11,caterham,0,10,10,0
584,2012,11,marussia,0,11,11,0
585,2012,11,hrt,0,12,12,0
586,2012,12,red_bull,272,1,1,3
587,2012,12,mclaren,218,2,2,4
588,2012,12,lotus_f1,207,3,3,0
589,2012,12,ferrari,199,4,4,3
590,2012,12,mercedes,112,5,5,1
591,2012,12,sauber,80,6,6,0
592,2012,12,force_india,59,7,7,0
593,2012,12,williams,53,8,8,1
594,2012,12,toro_rosso,12,9,9,0
595,2012,12,caterham,0,10,10,0
596,2012,12,marussia,0,11,11,0
597,2012,12,hrt,0,12,12,0
598,2012,13,red_bull,272,1,1,3
599,2012,13,mclaren,243,2,2,5
600,2012,13,ferrari,226,3,3,3
601,2012,13,lotus_f1,217,4,4,0
602,2012,13,mercedes,126,5,5,1
603,2012,13,sauber,100,6,6,0
604,2012,13,force_india,63,7,7,0
605,2012,13,williams,54,8,8,1
606,2012,13,toro_rosso,12,9,9,0
607,2012,13,caterham,0,10,10,0
608,2012,13,marussia,0,11,11,0
609,2012,13,hrt,0,12,12,0
610,2012,14,red_bull,297,1,1,4
611,2012,14,mclaren,261,2,2,5
612,2012,14,ferrari,245,3,3,3
613,2012,14,lotus_f1,231,4,4,0
614,2012,14,mercedes,136,5,5,1
615,2012,14,sauber,101,6,6,0
616,2012,14,force_india,75,7,7,0
617,2012,14,williams,54,8,8,1
618,2012,14,toro_rosso,14,9,9,0
619,2012,14,marussia,0,10,10,0
620,2012,14,caterham,0,11,11,0
621,2012,14,hrt,0,12,12,0
622,2012,15,red_bull,324,1,1,5
623,2012,15,mclaren,283,2,2,5
624,2012,15,ferrari,263,3,3,3
625,2012,15,lotus_f1,239,4,4,0
626,2012,15,mercedes,136,5,5,1
627,2012,15,sauber,116,6,6,0
628,2012,15,force_india,81,7,7,0
629,2012,15,williams,58,8,8,1
630,2012,15,toro_rosso,15,9,9,0
631,2012,15,marussia,0,10,10,0
632,2012,15,caterham,0,11,11,0
633,2012,15,hrt,0,12,12,0
634,2012,16,red_bull,367,1,1,6
635,2012,16,ferrari,290,2,2,3
636,2012,16,mclaren,284,3,3,5
637,2012,16,lotus_f1,255,4,4,0
638,2012,16,mercedes,136,5,5,1
639,2012,16,sauber,116,6,6,0
640,2012,16,force_india,89,7,7,0
641,2012,16,williams,58,8,8,1
642,2012,16,toro_rosso,21,9,9,0
643,2012,16,marussia,0,10,10,0
644,2012,16,caterham,0,11,11,0
645,2012,16,hrt,0,12,12,0
646,2012,17,red_bull,407,1,1,7
647,2012,17,ferrari,316,2,2,3
648,2012,17,mclaren,306,3,3,5
649,2012,17,lotus_f1,263,4,4,0
650,2012,17,mercedes,136,5,5,1
651,2012,17,sauber,116,6,6,0
652,2012,17,force_india,93,7,7,0
653,2012,17,williams,59,8,8,1
654,2012,17,toro_rosso,21,9,9,0
655,2012,17,marussia,0,10,10,0
656,2012,17,caterham,0,11,11,0
657,2012,17,hrt,0,12,12,0
658,2012,18,red_bull,422,1,1,7
659,2012,18,ferrari,340,2,2,3
660,2012,18,mclaren,318,3,3,5
661,2012,18,lotus_f1,288,4,4,1
662,2012,18,mercedes,136,5,5,1
663,2012,18,sauber,124,6,6,0
664,2012,18,force_india,95,7,7,0
665,2012,18,williams,73,8,8,1
666,2012,18,toro_rosso,22,9,9,0
667,2012,18,marussia,0,10,10,0
668,2012,18,caterham,0,11,11,0
669,2012,18,hrt,0,12,12,0
670,2012,19,red_bull,440,1,1,7
671,2012,19,ferrari,367,2,2,3
672,2012,19,mclaren,353,3,3,6
673,2012,19,lotus_f1,302,4,4,1
674,2012,19,mercedes,136,5,5,1
675,2012,19,sauber,124,6,6,0
676,2012,19,force_india,99,7,7,0
677,2012,19,williams,76,8,8,1
678,2012,19,toro_rosso,22,9,9,0
679,2012,19,marussia,0,10,10,0
680,2012,19,caterham,0,11,11,0
681,2012,19,hrt,0,12,12,0
682,2012,20,red_bull,460,1,1,7
683,2012,20,ferrari,400,2,2,3
684,2012,20,mclaren,378,3,3,7
685,2012,20,lotus_f1,303,4,4,1
686,2012,20,mercedes,142,5,5,1
687,2012,20,sauber,126,6,6,0
688,2012,20,force_india,109,7,7,0
689,2012,20,williams,76,8,8,1
690,2012,20,toro_rosso,26,9,9,0
691,2012,20,caterham,0,10,10,0
692,2012,20,marussia,0,11,11,0
693,2012,20,hrt,0,12,12,0
694,2013,1,ferrari,30,1,1,0
695,2013,1,lotus_f1,26,2,2,1
696,2013,1,red_bull,23,3,3,0
697,2013,1,mercedes,10,4,4,0
698,2013,1,force_india,10,5,5,0
699,2013,1,mclaren,2,6,6,0
700,2013,1,toro_rosso,0,7,7,0
701,2013,1,sauber,0,8,8,0
702,2013,1,williams,0,9,9,0
703,2013,1,marussia,0,10,10,0
704,2013,1,caterham,0,11,11,0
705,2013,2,red_bull,66,1,1,1
706,2013,2,lotus_f1,40,2,2,1
707,2013,2,ferrari,40,3,3,0
708,2013,2,mercedes,37,4,4,0
709,2013,2,force_india,10,5,5,0
710,2013,2,sauber,4,6,6,0
711,2013,2,mclaren,4,7,7,0
712,2013,2,toro_rosso,1,8,8,0
713,2013,2,williams,0,9,9,0
714,2013,2,marussia,0,10,10,0
715,2013,2,caterham,0,11,11,0
716,2013,3,red_bull,78,1,1,1
717,2013,3,ferrari,73,2,2,1
718,2013,3,lotus_f1,60,3,3,1
719,2013,3,mercedes,52,4,4,0
720,2013,3,mclaren,14,5,5,0
721,2013,3,force_india,14,6,6,0
722,2013,3,toro_rosso,7,7,7,0
723,2013,3,sauber,5,8,8,0
724,2013,3,williams,0,9,9,0
725,2013,3,marussia,0,10,10,0
726,2013,3,caterham,0,11,11,0
727,2013,4,red_bull,109,1,1,2
728,2013,4,lotus_f1,93,2,2,1
729,2013,4,ferrari,77,3,3,1
730,2013,4,mercedes,64,4,4,0
731,2013,4,force_india,26,5,5,0
732,2013,4,mclaren,23,6,6,0
733,2013,4,toro_rosso,7,7,7,0
734,2013,4,sauber,5,8,8,0
735,2013,4,williams,0,9,9,0
736,2013,4,marussia,0,10,10,0
737,2013,4,caterham,0,11,11,0
738,2013,5,red_bull,131,1,1,2
739,2013,5,ferrari,117,2,2,2
740,2013,5,lotus_f1,111,3,3,1
741,2013,5,mercedes,72,4,4,0
742,2013,5,force_india,32,5,5,0
743,2013,5,mclaren,29,6,6,0
744,2013,5,toro_rosso,8,7,7,0
745,2013,5,sauber,5,8,8,0
746,2013,5,williams,0,9,9,0
747,2013,5,marussia,0,10,10,0
748,2013,5,caterham,0,11,11,0
749,2013,6,red_bull,164,1,1,2
750,2013,6,ferrari,123,2,2,2
751,2013,6,lotus_f1,112,3,3,1
752,2013,6,mercedes,109,4,4,1
753,2013,6,force_india,44,5,5,0
754,2013,6,mclaren,37,6,6,0
755,2013,6,toro_rosso,12,7,7,0
756,2013,6,sauber,5,8,8,0
757,2013,6,williams,0,9,9,0
758,2013,6,marussia,0,10,10,0
759,2013,6,caterham,0,11,11,0
760,2013,7,red_bull,201,1,1,3
761,2013,7,ferrari,145,2,2,2
762,2013,7,mercedes,134,3,3,1
763,2013,7,lotus_f1,114,4,4,1
764,2013,7,force_india,51,5,5,0
765,2013,7,mclaren,37,6,6,0
766,2013,7,toro_rosso,20,7,7,0
767,2013,7,sauber,5,8,8,0
768,2013,7,williams,0,9,9,0
769,2013,7,marussia,0,10,10,0
770,2013,7,caterham,0,11,11,0
771,2013,8,red_bull,219,1,1,3
772,2013,8,mercedes,171,2,2,2
773,2013,8,ferrari,168,3,3,2
774,2013,8,lotus_f1,124,4,4,1
775,2013,8,force_india,59,5,5,0
776,2013,8,mclaren,37,6,6,0
777,2013,8,toro_rosso,24,7,7,0
778,2013,8,sauber,6,8,8,0
779,2013,8,williams,0,9,9,0
780,2013,8,marussia,0,10,10,0
781,2013,8,caterham,0,11,11,0
782,2013,9,red_bull,250,1,1,4
783,2013,9,mercedes,183,2,2,2
784,2013,9,ferrari,180,3,3,2
785,2013,9,lotus_f1,157,4,4,1
786,2013,9,force_india,59,5,5,0
787,2013,9,mclaren,49,6,6,0
788,2013,9,toro_rosso,24,7,7,0
789,2013,9,sauber,7,8,8,0
790,2013,9,williams,0,9,9,0
791,2013,9,marussia,0,10,10,0
792,2013,9,caterham,0,11,11,0
793,2013,10,red_bull,277,1,1,4
794,2013,10,mercedes,208,2,2,3
795,2013,10,ferrari,194,3,3,2
796,2013,10,lotus_f1,183,4,4,1
797,2013,10,force_india,59,5,5,0
798,2013,10,mclaren,57,6,6,0
799,2013,10,toro_rosso,24,7,7,0
800,2013,10,sauber,7,8,8,0
801,2013,10,williams,1,9,9,0
802,2013,10,marussia,0,10,10,0
803,2013,10,caterham,0,11,11,0
804,2013,11,red_bull,312,1,1,5
805,2013,11,mercedes,235,2,2,3
806,2013,11,ferrari,218,3,3,2
807,2013,11,lotus_f1,187,4,4,1
808,2013,11,mclaren,65,5,5,0
809,2013,11,force_india,61,6,6,0
810,2013,11,toro_rosso,25,7,7,0
811,2013,11,sauber,7,8,8,0
812,2013,11,williams,1,9,9,0
813,2013,11,marussia,0,10,10,0
814,2013,11,caterham,0,11,11,0
815,2013,12,red_bull,352,1,1,6
816,2013,12,ferrari,248,2,2,2
817,2013,12,mercedes,245,3,3,3
818,2013,12,lotus_f1,191,4,4,1
819,2013,12,mclaren,66,5,5,0
820,2013,12,force_india,61,6,6,0
821,2013,12,toro_rosso,31,7,7,0
822,2013,12,sauber,17,8,8,0
823,2013,12,williams,1,9,9,0
824,2013,12,marussia,0,10,10,0
825,2013,12,caterham,0,11,11,0
826,2013,13,red_bull,377,1,1,7
827,2013,13,ferrari,274,2,2,2
828,2013,13,mercedes,267,3,3,3
829,2013,13,lotus_f1,206,4,4,1
830,2013,13,mclaren,76,5,5,0
831,2013,13,force_india,62,6,6,0
832,2013,13,toro_rosso,31,7,7,0
833,2013,13,sauber,19,8,8,0
834,2013,13,williams,1,9,9,0
835,2013,13,marussia,0,10,10,0
836,2013,13,caterham,0,11,11,0
837,2013,14,red_bull,402,1,1,8
838,2013,14,ferrari,284,2,2,2
839,2013,14,mercedes,283,3,3,3
840,2013,14,lotus_f1,239,4,4,1
841,2013,14,mclaren,81,5,5,0
842,2013,14,force_india,62,6,6,0
843,2013,14,sauber,31,7,7,0
844,2013,14,toro_rosso,31,8,8,0
845,2013,14,williams,1,9,9,0
846,2013,14,marussia,0,10,10,0
847,2013,14,caterham,0,11,11,0
848,2013,15,red_bull,445,1,1,9
849,2013,15,ferrari,297,2,2,2
850,2013,15,mercedes,287,3,3,3
851,2013,15,lotus_f1,264,4,4,1
852,2013,15,mclaren,83,5,5,0
853,2013,15,force_india,62,6,6,0
854,2013,15,sauber,45,7,7,0
855,2013,15,toro_rosso,31,8,8,0
856,2013,15,williams,1,9,9,0
857,2013,15,marussia,0,10,10,0
858,2013,15,caterham,0,11,11,0
859,2013,16,red_bull,470,1,1,10
860,2013,16,mercedes,313,2,2,3
861,2013,16,ferrari,309,3,3,2
862,2013,16,lotus_f1,285,4,4,1
863,2013,16,mclaren,93,5,5,0
864,2013,16,force_india,68,6,6,0
865,2013,16,sauber,45,7,7,0
866,2013,16,toro_rosso,32,8,8,0
867,2013,16,williams,1,9,9,0
868,2013,16,marussia,0,10,10,0
869,2013,16,caterham,0,11,11,0
870,2013,17,red_bull,513,1,1,11
871,2013,17,mercedes,334,2,2,3
872,2013,17,ferrari,323,3,3,2
873,2013,17,lotus_f1,297,4,4,1
874,2013,17,mclaren,95,5,5,0
875,2013,17,force_india,77,6,6,0
876,2013,17,sauber,45,7,7,0
877,2013,17,toro_rosso,32,8,8,0
878,2013,17,williams,1,9,9,0
879,2013,17,marussia,0,10,10,0
880,2013,17,caterham,0,11,11,0
881,2013,18,red_bull,553,1,1,12
882,2013,18,mercedes,348,2,2,3
883,2013,18,ferrari,333,3,3,2
884,2013,18,lotus_f1,315,4,4,1
885,2013,18,mclaren,102,5,5,0
886,2013,18,force_india,77,6,6,0
887,2013,18,sauber,53,7,7,0
888,2013,18,toro_rosso,32,8,8,0
889,2013,18,williams,5,9,9,0
890,2013,18,marussia,0,10,10,0
891,2013,18,caterham,0,11,11,0
892,2013,19,red_bull,596,1,1,13
893,2013,19,mercedes,360,2,2,3
894,2013,19,ferrari,354,3,3,2
895,2013,19,lotus_f1,315,4,4,1
896,2013,19,mclaren,122,5,5,0
897,2013,19,force_india,77,6,6,0
898,2013,19,sauber,57,7,7,0
899,2013,19,toro_rosso,33,8,8,0
900,2013,19,williams,5,9,9,0
901,2013,19,marussia,0,10,10,0
902,2013,19,caterham,0,11,11,0
903,2014,1,mclaren,33,1,1,0
904,2014,1,mercedes,25,2,2,1
905,2014,1,ferrari,18,3,3,0
906,2014,1,williams,10,4,4,0
907,2014,1,force_india,9,5,5,0
908,2014,1,toro_rosso,6,6,6,0
909,2014,1,sauber,0,7,7,0
910,2014,1,marussia,0,8,8,0
911,2014,1,lotus_f1,0,9,9,0
912,2014,1,caterham,0,10,10,0
913,2014,1,red_bull,0,11,11,0
914,2014,2,mercedes,68,1,1,2
915,2014,2,mclaren,43,2,2,0
916,2014,2,ferrari,30,3,3,0
917,2014,2,williams,20,4,4,0
918,2014,2,force_india,19,5,5,0
919,2014,2,red_bull,15,6,6,0
920,2014,2,toro_rosso,7,7,7,0
921,2014,2,sauber,0,8,8,0
922,2014,2,lotus_f1,0,9,9,0
923,2014,2,caterham,0,10,10,0
924,2014,2,marussia,0,11,11,0
925,2014,3,mercedes,111,1,1,3
926,2014,3,force_india,44,2,2,0
927,2014,3,mclaren,43,3,3,0
928,2014,3,red_bull,35,4,4,0
929,2014,3,ferrari,33,5,5,0
930,2014,3,williams,30,6,6,0
931,2014,3,toro_rosso,7,7,7,0
932,2014,3,lotus_f1,0,8,8,0
933,2014,3,sauber,0,9,9,0
934,2014,3,marussia,0,10,10,0
935,2014,3,caterham,0,11,11,0
936,2014,4,mercedes,154,1,1,4
937,2014,4,red_bull,57,2,2,0
938,2014,4,force_india,54,3,3,0
939,2014,4,ferrari,52,4,4,0
940,2014,4,mclaren,43,5,5,0
941,2014,4,williams,36,6,6,0
942,2014,4,toro_rosso,8,7,7,0
943,2014,4,lotus_f1,0,8,8,0
944,2014,4,sauber,0,9,9,0
945,2014,4,marussia,0,10,10,0
946,2014,4,caterham,0,11,11,0
947,2014,5,mercedes,197,1,1,5
948,2014,5,red_bull,84,2,2,0
949,2014,5,ferrari,66,3,3,0
950,2014,5,force_india,57,4,4,0
951,2014,5,williams,46,5,5,0
952,2014,5,mclaren,43,6,6,0
953,2014,5,toro_rosso,8,7,7,0
954,2014,5,lotus_f1,4,8,8,0
955,2014,5,sauber,0,9,9,0
956,2014,5,marussia,0,10,10,0
957,2014,5,caterham,0,11,11,0
958,2014,6,mercedes,240,1,1,6
959,2014,6,red_bull,99,2,2,0
960,2014,6,ferrari,78,3,3,0
961,2014,6,force_india,67,4,4,0
962,2014,6,mclaren,52,5,5,0
963,2014,6,williams,52,6,6,0
964,2014,6,lotus_f1,8,7,7,0
965,2014,6,toro_rosso,8,8,8,0
966,2014,6,marussia,2,9,9,0
967,2014,6,sauber,0,10,10,0
968,2014,6,caterham,0,11,11,0
969,2014,7,mercedes,258,1,1,6
970,2014,7,red_bull,139,2,2,1
971,2014,7,ferrari,87,3,3,0
972,2014,7,force_india,77,4,4,0
973,2014,7,mclaren,66,5,5,0
974,2014,7,williams,58,6,6,0
975,2014,7,toro_rosso,12,7,7,0
976,2014,7,lotus_f1,8,8,8,0
977,2014,7,marussia,2,9,9,0
978,2014,7,sauber,0,10,10,0
979,2014,7,caterham,0,11,11,0
980,2014,8,mercedes,301,1,1,7
981,2014,8,red_bull,143,2,2,1
982,2014,8,ferrari,98,3,3,0
983,2014,8,force_india,87,4,4,0
984,2014,8,williams,85,5,5,0
985,2014,8,mclaren,72,6,6,0
986,2014,8,toro_rosso,12,7,7,0
987,2014,8,lotus_f1,8,8,8,0
988,2014,8,marussia,2,9,9,0
989,2014,8,sauber,0,10,10,0
990,2014,8,caterham,0,11,11,0
991,2014,9,mercedes,326,1,1,8
992,2014,9,red_bull,168,2,2,1
993,2014,9,ferrari,106,3,3,0
994,2014,9,williams,103,4,4,0
995,2014,9,force_india,91,5,5,0
996,2014,9,mclaren,90,6,6,0
997,2014,9,toro_rosso,15,7,7,0
998,2014,9,lotus_f1,8,8,8,0
999,2014,9,marussia,2,9,9,0
1000,2014,9,sauber,0,10,10,0
1001,2014,9,caterham,0,11,11,0
1002,2014,10,mercedes,366,1,1,9
1003,2014,10,red_bull,188,2,2,1
1004,2014,10,williams,121,3,3,0
1005,2014,10,ferrari,116,4,4,0
1006,2014,10,force_india,98,5,5,0
1007,2014,10,mclaren,96,6,6,0
1008,2014,10,toro_rosso,15,7,7,0
1009,2014,10,lotus_f1,8,8,8,0
1010,2014,10,marussia,2,9,9,0
1011,2014,10,sauber,0,10,10,0
1012,2014,10,caterham,0,11,11,0
1013,2014,11,mercedes,393,1,1,9
1014,2014,11,red_bull,219,2,2,2
1015,2014,11,ferrari,142,3,3,0
1016,2014,11,williams,135,4,4,0
1017,2014,11,force_india,98,5,5,0
1018,2014,11,mclaren,97,6,6,0
1019,2014,11,toro_rosso,17,7,7,0
1020,2014,11,lotus_f1,8,8,8,0
1021,2014,11,marussia,2,9,9,0
1022,2014,11,sauber,0,10,10,0
1023,2014,11,caterham,0,11,11,0
1024,2014,12,mercedes,411,1,1,9
1025,2014,12,red_bull,254,2,2,3
1026,2014,12,ferrari,160,3,3,0
1027,2014,12,williams,150,4,4,0
1028,2014,12,mclaren,105,5,5,0
1029,2014,12,force_india,103,6,6,0
1030,2014,12,toro_rosso,19,7,7,0
1031,2014,12,lotus_f1,8,8,8,0
1032,2014,12,marussia,2,9,9,0
1033,2014,12,sauber,0,10,10,0
1034,2014,12,caterham,0,11,11,0
1035,2014,13,mercedes,454,1,1,10
1036,2014,13,red_bull,272,2,2,3
1037,2014,13,williams,177,3,3,0
1038,2014,13,ferrari,162,4,4,0
1039,2014,13,mclaren,110,5,5,0
1040,2014,13,force_india,109,6,6,0
1041,2014,13,toro_rosso,19,7,7,0
1042,2014,13,lotus_f1,8,8,8,0
1043,2014,13,marussia,2,9,9,0
1044,2014,13,sauber,0,10,10,0
1045,2014,13,caterham,0,11,11,0
1046,2014,14,mercedes,479,1,1,11
1047,2014,14,red_bull,305,2,2,3
1048,2014,14,williams,187,3,3,0
1049,2014,14,ferrari,178,4,4,0
1050,2014,14,force_india,117,5,5,0
1051,2014,14,mclaren,111,6,6,0
1052,2014,14,toro_rosso,27,7,7,0
1053,2014,14,lotus_f1,8,8,8,0
1054,2014,14,marussia,2,9,9,0
1055,2014,14,sauber,0,10,10,0
1056,2014,14,caterham,0,11,11,0
1057,2014,15,mercedes,522,1,1,12
1058,2014,15,red_bull,332,2,2,3
1059,2014,15,williams,201,3,3,0
1060,2014,15,ferrari,178,4,4,0
1061,2014,15,force_india,122,5,5,0
1062,2014,15,mclaren,121,6,6,0
1063,2014,15,toro_rosso,29,7,7,0
1064,2014,15,lotus_f1,8,8,8,0
1065,2014,15,marussia,2,9,9,0
1066,2014,15,sauber,0,10,10,0
1067,2014,15,caterham,0,11,11,0
1068,2014,16,mercedes,565,1,1,13
1069,2014,16,red_bull,342,2,2,3
1070,2014,16,williams,216,3,3,0
1071,2014,16,ferrari,188,4,4,0
1072,2014,16,mclaren,143,5,5,0
1073,2014,16,force_india,123,6,6,0
1074,2014,16,toro_rosso,29,7,7,0
1075,2014,16,lotus_f1,8,8,8,0
1076,2014,16,marussia,2,9,9,0
1077,2014,16,sauber,0,10,10,0
1078,2014,16,caterham,0,11,11,0
1079,2014,17,mercedes,608,1,1,14
1080,2014,17,red_bull,363,2,2,3
1081,2014,17,williams,238,3,3,0
1082,2014,17,ferrari,196,4,4,0
1083,2014,17,mclaren,147,5,5,0
1084,2014,17,force_india,123,6,6,0
1085,2014,17,toro_rosso,30,7,7,0
1086,2014,17,lotus_f1,10,8,8,0
1087,2014,17,marussia,2,9,9,0
1088,2014,17,sauber,0,10,10,0
1089,2014,17,caterham,0,11,11,0
1090,2014,18,mercedes,651,1,1,15
1091,2014,18,red_bull,373,2,2,3
1092,2014,18,williams,254,3,3,0
1093,2014,18,ferrari,210,4,4,0
1094,2014,18,mclaren,161,5,5,0
1095,2014,18,force_india,127,6,6,0
1096,2014,18,toro_rosso,30,7,7,0
1097,2014,18,lotus_f1,10,8,8,0
1098,2014,18,marussia,2,9,9,0
1099,2014,18,sauber,0,10,10,0
1100,2014,18,caterham,0,11,11,0
1101,2014,19,mercedes,701,1,1,16
1102,2014,19,red_bull,405,2,2,3
1103,2014,19,williams,320,3,3,0
1104,2014,19,ferrari,216,4,4,0
1105,2014,19,mclaren,181,5,5,0
1106,2014,19,force_india,155,6,6,0
1107,2014,19,toro_rosso,30,7,7,0
1108,2014,19,lotus_f1,10,8,8,0
1109,2014,19,marussia,2,9,9,0
1110,2014,19,sauber,0,10,10,0
1111,2014,19,caterham,0,11,11,0
1112,2015,1,mercedes,43,1,1,1
1113,2015,1,ferrari,15,2,2,0
1114,2015,1,sauber,14,3,3,0
1115,2015,1,williams,12,4,4,0
1116,2015,1,red_bull,8,5,5,0
1117,2015,1,force_india,7,6,6,0
1118,2015,1,toro_rosso,2,7,7,0
1119,2015,1,mclaren,0,8,8,0
1120,2015,1,lotus_f1,0,9,9,0
1121,2015,2,mercedes,76,1,1,1
1122,2015,2,ferrari,52,2,2,1
1123,2015,2,williams,30,3,3,0
1124,2015,2,sauber,14,4,4,0
1125,2015,2,toro_rosso,12,5,5,0
1126,2015,2,red_bull,11,6,6,0
1127,2015,2,force_india,7,7,7,0
1128,2015,2,lotus_f1,0,8,8,0
1129,2015,2,mclaren,0,9,9,0
1130,2015,2,manor,0,10,10,0
1131,2015,3,mercedes,119,1,1,2
1132,2015,3,ferrari,79,2,2,1
1133,2015,3,williams,48,3,3,0
1134,2015,3,sauber,19,4,4,0
1135,2015,3,red_bull,13,5,5,0
1136,2015,3,toro_rosso,12,6,6,0
1137,2015,3,force_india,7,7,7,0
1138,2015,3,lotus_f1,6,8,8,0
1139,2015,3,mclaren,0,9,9,0
1140,2015,3,manor,0,10,10,0
1141,2015,4,mercedes,159,1,1,3
1142,2015,4,ferrari,107,2,2,1
1143,2015,4,williams,61,3,3,0
1144,2015,4,red_bull,23,4,4,0
1145,2015,4,sauber,19,5,5,0
1146,2015,4,lotus_f1,12,6,6,0
1147,2015,4,toro_rosso,12,7,7,0
1148,2015,4,force_india,11,8,8,0
1149,2015,4,mclaren,0,9,9,0
1150,2015,4,manor,0,10,10,0
1151,2015,5,mercedes,202,1,1,4
1152,2015,5,ferrari,132,2,2,1
1153,2015,5,williams,81,3,3,0
1154,2015,5,red_bull,30,4,4,0
1155,2015,5,sauber,19,5,5,0
1156,2015,5,lotus_f1,16,6,6,0
1157,2015,5,toro_rosso,14,7,7,0
1158,2015,5,force_india,11,8,8,0
1159,2015,5,mclaren,0,9,9,0
1160,2015,5,manor,0,10,10,0
1161,2015,6,mercedes,242,1,1,5
1162,2015,6,ferrari,158,2,2,1
1163,2015,6,williams,81,3,3,0
1164,2015,6,red_bull,52,4,4,0
1165,2015,6,sauber,21,5,5,0
1166,2015,6,force_india,17,6,6,0
1167,2015,6,lotus_f1,16,7,7,0
1168,2015,6,toro_rosso,15,8,8,0
1169,2015,6,mclaren,4,9,9,0
1170,2015,6,manor,0,10,10,0
1171,2015,7,mercedes,285,1,1,6
1172,2015,7,ferrari,180,2,2,1
1173,2015,7,williams,104,3,3,0
1174,2015,7,red_bull,54,4,4,0
1175,2015,7,lotus_f1,23,5,5,0
1176,2015,7,sauber,21,6,6,0
1177,2015,7,force_india,21,7,7,0
1178,2015,7,toro_rosso,15,8,8,0
1179,2015,7,mclaren,4,9,9,0
1180,2015,7,manor,0,10,10,0
1181,2015,8,mercedes,328,1,1,7
1182,2015,8,ferrari,192,2,2,1
1183,2015,8,williams,129,3,3,0
1184,2015,8,red_bull,55,4,4,0
1185,2015,8,force_india,31,5,5,0
1186,2015,8,lotus_f1,29,6,6,0
1187,2015,8,sauber,21,7,7,0
1188,2015,8,toro_rosso,19,8,8,0
1189,2015,8,mclaren,4,9,9,0
1190,2015,8,manor,0,10,10,0
1191,2015,9,mercedes,371,1,1,8
1192,2015,9,ferrari,211,2,2,1
1193,2015,9,williams,151,3,3,0
1194,2015,9,red_bull,63,4,4,0
1195,2015,9,force_india,39,5,5,0
1196,2015,9,lotus_f1,29,6,6,0
1197,2015,9,sauber,21,7,7,0
1198,2015,9,toro_rosso,19,8,8,0
1199,2015,9,mclaren,5,9,9,0
1200,2015,9,manor,0,10,10,0
1201,2015,10,mercedes,383,1,1,8
1202,2015,10,ferrari,236,2,2,2
1203,2015,10,williams,151,3,3,0
1204,2015,10,red_bull,96,4,4,0
1205,2015,10,force_india,39,5,5,0
1206,2015,10,lotus_f1,35,6,6,0
1207,2015,10,toro_rosso,31,7,7,0
1208,2015,10,sauber,22,8,8,0
1209,2015,10,mclaren,17,9,9,0
1210,2015,10,manor,0,10,10,0
1211,2015,11,mercedes,426,1,1,9
1212,2015,11,ferrari,242,2,2,2
1213,2015,11,williams,161,3,3,0
1214,2015,11,red_bull,108,4,4,0
1215,2015,11,lotus_f1,50,5,5,0
1216,2015,11,force_india,49,6,6,0
1217,2015,11,toro_rosso,35,7,7,0
1218,2015,11,sauber,23,8,8,0
1219,2015,11,mclaren,17,9,9,0
1220,2015,11,manor,0,10,10,0
1221,2015,12,mercedes,451,1,1,10
1222,2015,12,ferrari,270,2,2,2
1223,2015,12,williams,188,3,3,0
1224,2015,12,red_bull,113,4,4,0
1225,2015,12,force_india,63,5,5,0
1226,2015,12,lotus_f1,50,6,6,0
1227,2015,12,toro_rosso,35,7,7,0
1228,2015,12,sauber,25,8,8,0
1229,2015,12,mclaren,17,9,9,0
1230,2015,12,manor,0,10,10,0
1231,2015,13,mercedes,463,1,1,10
1232,2015,13,ferrari,310,2,2,3
1233,2015,13,williams,198,3,3,0
1234,2015,13,red_bull,139,4,4,0
1235,2015,13,force_india,69,5,5,0
1236,2015,13,lotus_f1,50,6,6,0
1237,2015,13,toro_rosso,41,7,7,0
1238,2015,13,sauber,26,8,8,0
1239,2015,13,mclaren,17,9,9,0
1240,2015,13,manor,0,10,10,0
1241,2015,14,mercedes,506,1,1,11
1242,2015,14,ferrari,337,2,2,3
1243,2015,14,williams,208,3,3,0
1244,2015,14,red_bull,139,4,4,0
1245,2015,14,force_india,77,5,5,0
1246,2015,14,lotus_f1,60,6,6,0
1247,2015,14,toro_rosso,44,7,7,0
1248,2015,14,sauber,26,8,8,0
1249,2015,14,mclaren,17,9,9,0
1250,2015,14,manor,0,10,10,0
1251,2015,15,mercedes,531,1,1,12
1252,2015,15,ferrari,359,2,2,3
1253,2015,15,williams,220,3,3,0
1254,2015,15,red_bull,149,4,4,0
1255,2015,15,force_india,92,5,5,0
1256,2015,15,lotus_f1,66,6,6,0
1257,2015,15,toro_rosso,45,7,7,0
1258,2015,15,sauber,34,8,8,0
1259,2015,15,mclaren,19,9,9,0
1260,2015,15,manor,0,10,10,0
1261,2015,16,mercedes,574,1,1,13
1262,2015,16,ferrari,374,2,2,3
1263,2015,16,williams,220,3,3,0
1264,2015,16,red_bull,150,4,4,0
1265,2015,16,force_india,102,5,5,0
1266,2015,16,lotus_f1,70,6,6,0
1267,2015,16,toro_rosso,63,7,7,0
1268,2015,16,sauber,36,8,8,0
1269,2015,16,mclaren,27,9,9,0
1270,2015,16,manor,0,10,10,0
1271,2015,17,mercedes,617,1,1,14
1272,2015,17,ferrari,374,2,2,3
1273,2015,17,williams,243,3,3,0
1274,2015,17,red_bull,172,4,4,0
1275,2015,17,force_india,112,5,5,0
1276,2015,17,lotus_f1,71,6,6,0
1277,2015,17,toro_rosso,65,7,7,0
1278,2015,17,sauber,36,8,8,0
1279,2015,17,mclaren,27,9,9,0
1280,2015,17,manor,0,10,10,0
1281,2015,18,mercedes,660,1,1,15
1282,2015,18,ferrari,401,2,2,3
1283,2015,18,williams,253,3,3,0
1284,2015,18,red_bull,178,4,4,0
1285,2015,18,force_india,120,5,5,0
1286,2015,18,lotus_f1,76,6,6,0
1287,2015,18,toro_rosso,67,7,7,0
1288,2015,18,sauber,36,8,8,0
1289,2015,18,mclaren,27,9,9,0
1290,2015,18,manor,0,10,10,0
1291,2015,19,mercedes,703,1,1,16
1292,2015,19,ferrari,428,2,2,3
1293,2015,19,williams,257,3,3,0
1294,2015,19,red_bull,187,4,4,0
1295,2015,19,force_india,136,5,5,0
1296,2015,19,lotus_f1,78,6,6,0
1297,2015,19,toro_rosso,67,7,7,0
1298,2015,19,sauber,36,8,8,0
1299,2015,19,mclaren,27,9,9,0
1300,2015,19,manor,0,10,10,0
1301,2016,1,mercedes,43,1,1,1
1302,2016,1,ferrari,15,2,2,0
1303,2016,1,williams,14,3,3,0
1304,2016,1,red_bull,12,4,4,0
1305,2016,1,haas,8,5,5,0
1306,2016,1,force_india,6,6,6,0
1307,2016,1,toro_rosso,3,7,7,0
1308,2016,1,renault,0,8,8,0
1309,2016,1,mclaren,0,9,9,0
1310,2016,1,sauber,0,10,10,0
1311,2016,1,manor,0,11,11,0
1312,2016,2,mercedes,83,1,1,2
1313,2016,2,ferrari,33,2,2,0
1314,2016,2,red_bull,30,3,3,0
1315,2016,2,williams,20,4,4,0
1316,2016,2,haas,18,5,5,0
1317,2016,2,toro_rosso,11,6,6,0
1318,2016,2,force_india,6,7,7,0
1319,2016,2,mclaren,1,8,8,0
1320,2016,2,renault,0,9,9,0
1321,2016,2,sauber,0,10,10,0
1322,2016,2,manor,0,11,11,0
1323,2016,3,mercedes,114,1,1,3
1324,2016,3,ferrari,61,2,2,0
1325,2016,3,red_bull,57,3,3,0
1326,2016,3,williams,29,4,4,0
1327,2016,3,haas,18,5,5,0
1328,2016,3,toro_rosso,17,6,6,0
1329,2016,3,force_india,6,7,7,0
1330,2016,3,mclaren,1,8,8,0
1331,2016,3,renault,0,9,9,0
1332,2016,3,sauber,0,10,10,0
1333,2016,3,manor,0,11,11,0
1334,2016,4,mercedes,157,1,1,4
1335,2016,4,ferrari,76,2,2,0
1336,2016,4,red_bull,57,3,3,0
1337,2016,4,williams,51,4,4,0
1338,2016,4,haas,22,5,5,0
1339,2016,4,toro_rosso,17,6,6,0
1340,2016,4,mclaren,10,7,7,0
1341,2016,4,force_india,8,8,8,0
1342,2016,4,renault,6,9,9,0
1343,2016,4,sauber,0,10,10,0
1344,2016,4,manor,0,11,11,0
1345,2016,5,mercedes,157,1,1,4
1346,2016,5,ferrari,109,2,2,0
1347,2016,5,red_bull,94,3,3,1
1348,2016,5,williams,65,4,4,0
1349,2016,5,toro_rosso,26,5,5,0
1350,2016,5,haas,22,6,6,0
1351,2016,5,force_india,14,7,7,0
1352,2016,5,mclaren,12,8,8,0
1353,2016,5,renault,6,9,9,0
1354,2016,5,sauber,0,10,10,0
1355,2016,5,manor,0,11,11,0
1356,2016,6,mercedes,188,1,1,5
1357,2016,6,ferrari,121,2,2,0
1358,2016,6,red_bull,112,3,3,1
1359,2016,6,williams,66,4,4,0
1360,2016,6,force_india,37,5,5,0
1361,2016,6,toro_rosso,30,6,6,0
1362,2016,6,mclaren,24,7,7,0
1363,2016,6,haas,22,8,8,0
1364,2016,6,renault,6,9,9,0
1365,2016,6,sauber,0,10,10,0
1366,2016,6,manor,0,11,11,0
1367,2016,7,mercedes,223,1,1,6
1368,2016,7,ferrari,147,2,2,0
1369,2016,7,red_bull,130,3,3,1
1370,2016,7,williams,81,4,4,0
1371,2016,7,force_india,42,5,5,0
1372,2016,7,toro_rosso,32,6,6,0
1373,2016,7,mclaren,24,7,7,0
1374,2016,7,haas,22,8,8,0
1375,2016,7,renault,6,9,9,0
1376,2016,7,sauber,0,10,10,0
1377,2016,7,manor,0,11,11,0
1378,2016,8,mercedes,258,1,1,7
1379,2016,8,ferrari,177,2,2,0
1380,2016,8,red_bull,140,3,3,1
1381,2016,8,williams,90,4,4,0
1382,2016,8,force_india,59,5,5,0
1383,2016,8,toro_rosso,32,6,6,0
1384,2016,8,mclaren,24,7,7,0
1385,2016,8,haas,22,8,8,0
1386,2016,8,renault,6,9,9,0
1387,2016,8,sauber,0,10,10,0
1388,2016,8,manor,0,11,11,0
1389,2016,9,mercedes,295,1,1,8
1390,2016,9,ferrari,192,2,2,0
1391,2016,9,red_bull,168,3,3,1
1392,2016,9,williams,92,4,4,0
1393,2016,9,force_india,59,5,5,0
1394,2016,9,toro_rosso,36,6,6,0
1395,2016,9,mclaren,32,7,7,0
1396,2016,9,haas,28,8,8,0
1397,2016,9,renault,6,9,9,0
1398,2016,9,manor,1,10,10,0
1399,2016,9,sauber,0,11,11,0
1400,2016,10,mercedes,335,1,1,9
1401,2016,10,ferrari,204,2,2,0
1402,2016,10,red_bull,198,3,3,1
1403,2016,10,williams,92,4,4,0
1404,2016,10,force_india,73,5,5,0
1405,2016,10,toro_rosso,41,6,6,0
1406,2016,10,mclaren,32,7,7,0
1407,2016,10,haas,28,8,8,0
1408,2016,10,renault,6,9,9,0
1409,2016,10,manor,1,10,10,0
1410,2016,10,sauber,0,11,11,0
1411,2016,11,mercedes,378,1,1,10
1412,2016,11,ferrari,224,2,2,0
1413,2016,11,red_bull,223,3,3,1
1414,2016,11,williams,94,4,4,0
1415,2016,11,force_india,74,5,5,0
1416,2016,11,toro_rosso,45,6,6,0
1417,2016,11,mclaren,38,7,7,0
1418,2016,11,haas,28,8,8,0
1419,2016,11,renault,6,9,9,0
1420,2016,11,manor,1,10,10,0
1421,2016,11,sauber,0,11,11,0
1422,2016,12,mercedes,415,1,1,11
1423,2016,12,red_bull,256,2,2,1
1424,2016,12,ferrari,242,3,3,0
1425,2016,12,williams,96,4,4,0
1426,2016,12,force_india,81,5,5,0
1427,2016,12,toro_rosso,45,6,6,0
1428,2016,12,mclaren,42,7,7,0
1429,2016,12,haas,28,8,8,0
1430,2016,12,renault,6,9,9,0
1431,2016,12,manor,1,10,10,0
1432,2016,12,sauber,0,11,11,0
1433,2016,13,mercedes,455,1,1,12
1434,2016,13,red_bull,274,2,2,1
1435,2016,13,ferrari,252,3,3,0
1436,2016,13,force_india,103,4,4,0
1437,2016,13,williams,101,5,5,0
1438,2016,13,mclaren,48,6,6,0
1439,2016,13,toro_rosso,45,7,7,0
1440,2016,13,haas,28,8,8,0
1441,2016,13,renault,6,9,9,0
1442,2016,13,manor,1,10,10,0
1443,2016,13,sauber,0,11,11,0
1444,2016,14,mercedes,498,1,1,13
1445,2016,14,red_bull,290,2,2,1
1446,2016,14,ferrari,279,3,3,0
1447,2016,14,williams,111,4,4,0
1448,2016,14,force_india,108,5,5,0
1449,2016,14,mclaren,48,6,6,0
1450,2016,14,toro_rosso,45,7,7,0
1451,2016,14,haas,28,8,8,0
1452,2016,14,renault,6,9,9,0
1453,2016,14,manor,1,10,10,0
1454,2016,14,sauber,0,11,11,0
1455,2016,15,mercedes,538,1,1,14
1456,2016,15,red_bull,316,2,2,1
1457,2016,15,ferrari,301,3,3,0
1458,2016,15,force_india,112,4,4,0
1459,2016,15,williams,111,5,5,0
1460,2016,15,mclaren,54,6,6,0
1461,2016,15,toro_rosso,47,7,7,0
1462,2016,15,haas,28,8,8,0
1463,2016,15,renault,7,9,9,0
1464,2016,15,manor,1,10,10,0
1465,2016,15,sauber,0,11,11,0
1466,2016,16,mercedes,553,1,1,14
1467,2016,16,red_bull,359,2,2,2
1468,2016,16,ferrari,313,3,3,0
1469,2016,16,force_india,124,4,4,0
1470,2016,16,williams,121,5,5,0
1471,2016,16,mclaren,62,6,6,0
1472,2016,16,toro_rosso,47,7,7,0
1473,2016,16,haas,28,8,8,0
1474,2016,16,renault,8,9,9,0
1475,2016,16,manor,1,10,10,0
1476,2016,16,sauber,0,11,11,0
1477,2016,17,mercedes,593,1,1,15
1478,2016,17,red_bull,385,2,2,2
1479,2016,17,ferrari,335,3,3,0
1480,2016,17,force_india,134,4,4,0
1481,2016,17,williams,124,5,5,0
1482,2016,17,mclaren,62,6,6,0
1483,2016,17,toro_rosso,47,7,7,0
1484,2016,17,haas,28,8,8,0
1485,2016,17,renault,8,9,9,0
1486,2016,17,manor,1,10,10,0
1487,2016,17,sauber,0,11,11,0
1488,2016,18,mercedes,636,1,1,16
1489,2016,18,red_bull,400,2,2,2
1490,2016,18,ferrari,347,3,3,0
1491,2016,18,force_india,138,4,4,0
1492,2016,18,williams,130,5,5,0
1493,2016,18,mclaren,74,6,6,0
1494,2016,18,toro_rosso,55,7,7,0
1495,2016,18,haas,29,8,8,0
1496,2016,18,renault,8,9,9,0
1497,2016,18,manor,1,10,10,0
1498,2016,18,sauber,0,11,11,0
1499,2016,19,mercedes,679,1,1,17
1500,2016,19,red_bull,427,2,2,2
1501,2016,19,ferrari,365,3,3,0
1502,2016,19,force_india,145,4,4,0
1503,2016,19,williams,136,5,5,0
1504,2016,19,mclaren,74,6,6,0
1505,2016,19,toro_rosso,55,7,7,0
1506,2016,19,haas,29,8,8,0
1507,2016,19,renault,8,9,9,0
1508,2016,19,manor,1,10,10,0
1509,2016,19,sauber,0,11,11,0
1510,2016,20,mercedes,722,1,1,18
1511,2016,20,red_bull,446,2,2,2
1512,2016,20,ferrari,375,3,3,0
1513,2016,20,force_india,163,4,4,0
1514,2016,20,williams,136,5,5,0
1515,2016,20,mclaren,75,6,6,0
1516,2016,20,toro_rosso,63,7,7,0
1517,2016,20,haas,29,8,8,0
1518,2016,20,renault,8,9,9,0
1519,2016,20,sauber,2,10,10,0
1520,2016,20,manor,1,11,11,0
1521,2016,21,mercedes,765,1,1,19
1522,2016,21,red_bull,468,2,2,2
1523,2016,21,ferrari,398,3,3,0
1524,2016,21,force_india,173,4,4,0
1525,2016,21,williams,138,5,5,0
1526,2016,21,mclaren,76,6,6,0
1527,2016,21,toro_rosso,63,7,7,0
1528,2016,21,haas,29,8,8,0
1529,2016,21,renault,8,9,9,0
1530,2016,21,sauber,2,10,10,0
1531,2016,21,manor,1,11,11,0
1532,2017,1,ferrari,37,1,1,1
1533,2017,1,mercedes,33,2,2,0
1534,2017,1,red_bull,10,3,3,0
1535,2017,1,williams,8,4,4,0
1536,2017,1,force_india,7,5,5,0
1537,2017,1,toro_rosso,6,6,6,0
1538,2017,1,renault,0,7,7,0
1539,2017,1,sauber,0,8,8,0
1540,2017,1,mclaren,0,9,9,0
1541,2017,1,haas,0,10,10,0
1542,2017,2,mercedes,66,1,1,1
1543,2017,2,ferrari,65,2,2,1
1544,2017,2,red_bull,37,3,3,0
1545,2017,2,toro_rosso,12,4,4,0
1546,2017,2,force_india,10,5,5,0
1547,2017,2,williams,8,6,6,0
1548,2017,2,haas,4,7,7,0
1549,2017,2,renault,0,8,8,0
1550,2017,2,sauber,0,9,9,0
1551,2017,2,mclaren,0,10,10,0
1552,2017,3,ferrari,102,1,1,2
1553,2017,3,mercedes,99,2,2,1
1554,2017,3,red_bull,47,3,3,0
1555,2017,3,force_india,17,4,4,0
1556,2017,3,williams,16,5,5,0
1557,2017,3,toro_rosso,12,6,6,0
1558,2017,3,haas,8,7,7,0
1559,2017,3,renault,2,8,8,0
1560,2017,3,sauber,0,9,9,0
1561,2017,3,mclaren,0,10,10,0
1562,2017,4,mercedes,136,1,1,2
1563,2017,4,ferrari,135,2,2,2
1564,2017,4,red_bull,57,3,3,0
1565,2017,4,force_india,31,4,4,0
1566,2017,4,williams,18,5,5,0
1567,2017,4,toro_rosso,13,6,6,0
1568,2017,4,haas,8,7,7,0
1569,2017,4,renault,6,8,8,0
1570,2017,4,sauber,0,9,9,0
1571,2017,4,mclaren,0,10,10,0
1572,2017,5,mercedes,161,1,1,3
1573,2017,5,ferrari,153,2,2,2
1574,2017,5,red_bull,72,3,3,0
1575,2017,5,force_india,53,4,4,0
1576,2017,5,toro_rosso,21,5,5,0
1577,2017,5,williams,18,6,6,0
1578,2017,5,renault,14,7,7,0
1579,2017,5,haas,9,8,8,0
1580,2017,5,sauber,4,9,9,0
1581,2017,5,mclaren,0,10,10,0
1582,2017,6,ferrari,196,1,1,3
1583,2017,6,mercedes,179,2,2,3
1584,2017,6,red_bull,97,3,3,0
1585,2017,6,force_india,53,4,4,0
1586,2017,6,toro_rosso,29,5,5,0
1587,2017,6,williams,20,6,6,0
1588,2017,6,renault,14,7,7,0
1589,2017,6,haas,14,8,8,0
1590,2017,6,sauber,4,9,9,0
1591,2017,6,mclaren,0,10,10,0
1592,2017,7,mercedes,222,1,1,4
1593,2017,7,ferrari,214,2,2,3
1594,2017,7,red_bull,112,3,3,0
1595,2017,7,force_india,71,4,4,0
1596,2017,7,toro_rosso,29,5,5,0
1597,2017,7,williams,22,6,6,0
1598,2017,7,renault,18,7,7,0
1599,2017,7,haas,15,8,8,0
1600,2017,7,sauber,4,9,9,0
1601,2017,7,mclaren,0,10,10,0
1602,2017,8,mercedes,250,1,1,4
1603,2017,8,ferrari,226,2,2,3
1604,2017,8,red_bull,137,3,3,1
1605,2017,8,force_india,79,4,4,0
1606,2017,8,williams,37,5,5,0
1607,2017,8,toro_rosso,33,6,6,0
1608,2017,8,haas,21,7,7,0
1609,2017,8,renault,18,8,8,0
1610,2017,8,sauber,5,9,9,0
1611,2017,8,mclaren,2,10,10,0
1612,2017,9,mercedes,287,1,1,5
1613,2017,9,ferrari,254,2,2,3
1614,2017,9,red_bull,152,3,3,1
1615,2017,9,force_india,89,4,4,0
1616,2017,9,williams,40,5,5,0
1617,2017,9,toro_rosso,33,6,6,0
1618,2017,9,haas,29,7,7,0
1619,2017,9,renault,18,8,8,0
1620,2017,9,sauber,5,9,9,0
1621,2017,9,mclaren,2,10,10,0
1622,2017,10,mercedes,330,1,1,6
1623,2017,10,ferrari,275,2,2,3
1624,2017,10,red_bull,174,3,3,1
1625,2017,10,force_india,95,4,4,0
1626,2017,10,williams,41,5,5,0
1627,2017,10,toro_rosso,33,6,6,0
1628,2017,10,haas,29,7,7,0
1629,2017,10,renault,26,8,8,0
1630,2017,10,sauber,5,9,9,0
1631,2017,10,mclaren,2,10,10,0
1632,2017,11,mercedes,357,1,1,6
1633,2017,11,ferrari,318,2,2,4
1634,2017,11,red_bull,184,3,3,1
1635,2017,11,force_india,101,4,4,0
1636,2017,11,williams,41,5,5,0
1637,2017,11,toro_rosso,39,6,6,0
1638,2017,11,haas,29,7,7,0
1639,2017,11,renault,26,8,8,0
1640,2017,11,mclaren,11,9,9,0
1641,2017,11,sauber,5,10,10,0
1642,2017,12,mercedes,392,1,1,7
1643,2017,12,ferrari,348,2,2,4
1644,2017,12,red_bull,199,3,3,1
1645,2017,12,force_india,103,4,4,0
1646,2017,12,williams,45,5,5,0
1647,2017,12,toro_rosso,40,6,6,0
1648,2017,12,haas,35,7,7,0
1649,2017,12,renault,34,8,8,0
1650,2017,12,mclaren,11,9,9,0
1651,2017,12,sauber,5,10,10,0
1652,2017,13,mercedes,435,1,1,8
1653,2017,13,ferrari,373,2,2,4
1654,2017,13,red_bull,212,3,3,1
1655,2017,13,force_india,113,4,4,0
1656,2017,13,williams,55,5,5,0
1657,2017,13,toro_rosso,40,6,6,0
1658,2017,13,haas,35,7,7,0
1659,2017,13,renault,34,8,8,0
1660,2017,13,mclaren,11,9,9,0
1661,2017,13,sauber,5,10,10,0
1662,2017,14,mercedes,475,1,1,9
1663,2017,14,ferrari,373,2,2,4
1664,2017,14,red_bull,230,3,3,1
1665,2017,14,force_india,124,4,4,0
1666,2017,14,williams,59,5,5,0
1667,2017,14,toro_rosso,52,6,6,0
1668,2017,14,renault,42,7,7,0
1669,2017,14,haas,37,8,8,0
1670,2017,14,mclaren,17,9,9,0
1671,2017,14,sauber,5,10,10,0
1672,2017,15,mercedes,503,1,1,9
1673,2017,15,ferrari,385,2,2,4
1674,2017,15,red_bull,270,3,3,2
1675,2017,15,force_india,133,4,4,0
1676,2017,15,williams,65,5,5,0
1677,2017,15,toro_rosso,52,6,6,0
1678,2017,15,renault,42,7,7,0
1679,2017,15,haas,37,8,8,0
1680,2017,15,mclaren,23,9,9,0
1681,2017,15,sauber,5,10,10,0
1682,2017,16,mercedes,540,1,1,10
1683,2017,16,ferrari,395,2,2,4
1684,2017,16,red_bull,303,3,3,2
1685,2017,16,force_india,147,4,4,0
1686,2017,16,williams,66,5,5,0
1687,2017,16,toro_rosso,52,6,6,0
1688,2017,16,haas,43,7,7,0
1689,2017,16,renault,42,8,8,0
1690,2017,16,mclaren,23,9,9,0
1691,2017,16,sauber,5,10,10,0
1692,2017,17,mercedes,575,1,1,11
1693,2017,17,ferrari,428,2,2,4
1694,2017,17,red_bull,315,3,3,2
1695,2017,17,force_india,159,4,4,0
1696,2017,17,williams,68,5,5,0
1697,2017,17,toro_rosso,53,6,6,0
1698,2017,17,renault,48,7,7,0
1699,2017,17,haas,43,8,8,0
1700,2017,17,mclaren,23,9,9,0
1701,2017,17,sauber,5,10,10,0
1702,2017,18,mercedes,595,1,1,11
1703,2017,18,ferrari,455,2,2,4
1704,2017,18,red_bull,340,3,3,3
1705,2017,18,force_india,175,4,4,0
1706,2017,18,williams,76,5,5,0
1707,2017,18,toro_rosso,53,6,6,0
1708,2017,18,renault,48,7,7,0
1709,2017,18,haas,47,8,8,0
1710,2017,18,mclaren,24,9,9,0
1711,2017,18,sauber,5,10,10,0
1712,2017,19,mercedes,625,1,1,11
1713,2017,19,ferrari,495,2,2,5
1714,2017,19,red_bull,358,3,3,3
1715,2017,19,force_india,177,4,4,0
1716,2017,19,williams,82,5,5,0
1717,2017,19,toro_rosso,53,6,6,0
1718,2017,19,renault,49,7,7,0
1719,2017,19,haas,47,8,8,0
1720,2017,19,mclaren,28,9,9,0
1721,2017,19,sauber,5,10,10,0
1722,2017,20,mercedes,668,1,1,12
1723,2017,20,ferrari,522,2,2,5
1724,2017,20,red_bull,368,3,3,3
1725,2017,20,force_india,187,4,4,0
1726,2017,20,williams,83,5,5,0
1727,2017,20,renault,57,6,6,0
1728,2017,20,toro_rosso,53,7,7,0
1729,2017,20,haas,47,8,8,0
1730,2017,20,mclaren,30,9,9,0
1731,2017,20,sauber,5,10,10,0
1732,2018,1,ferrari,40,1,1,1
1733,2018,1,mercedes,22,2,2,0
1734,2018,1,red_bull,20,3,3,0
1735,2018,1,mclaren,12,4,4,0
1736,2018,1,renault,7,5,5,0
1737,2018,1,force_india,0,6,6,0
1738,2018,1,sauber,0,7,7,0
1739,2018,1,williams,0,8,8,0
1740,2018,1,toro_rosso,0,9,9,0
1741,2018,1,haas,0,10,10,0
1742,2018,2,ferrari,65,1,1,2
1743,2018,2,mercedes,55,2,2,0
1744,2018,2,mclaren,22,3,3,0
1745,2018,2,red_bull,20,4,4,0
1746,2018,2,renault,15,5,5,0
1747,2018,2,toro_rosso,12,6,6,0
1748,2018,2,haas,10,7,7,0
1749,2018,2,sauber,2,8,8,0
1750,2018,2,force_india,1,9,9,0
1751,2018,2,williams,0,10,10,0
1752,2018,3,mercedes,85,1,1,0
1753,2018,3,ferrari,84,2,2,2
1754,2018,3,red_bull,55,3,3,1
1755,2018,3,mclaren,28,4,4,0
1756,2018,3,renault,25,5,5,0
1757,2018,3,toro_rosso,12,6,6,0
1758,2018,3,haas,11,7,7,0
1759,2018,3,sauber,2,8,8,0
1760,2018,3,force_india,1,9,9,0
1761,2018,3,williams,0,10,10,0
1762,2018,4,ferrari,114,1,1,2
1763,2018,4,mercedes,110,2,2,1
1764,2018,4,red_bull,55,3,3,1
1765,2018,4,mclaren,36,4,4,0
1766,2018,4,renault,35,5,5,0
1767,2018,4,force_india,16,6,6,0
1768,2018,4,toro_rosso,13,7,7,0
1769,2018,4,haas,11,8,8,0
1770,2018,4,sauber,10,9,9,0
1771,2018,4,williams,4,10,10,0
1772,2018,5,mercedes,153,1,1,2
1773,2018,5,ferrari,126,2,2,2
1774,2018,5,red_bull,80,3,3,1
1775,2018,5,renault,41,4,4,0
1776,2018,5,mclaren,40,5,5,0
1777,2018,5,haas,19,6,6,0
1778,2018,5,force_india,18,7,7,0
1779,2018,5,toro_rosso,13,8,8,0
1780,2018,5,sauber,11,9,9,0
1781,2018,5,williams,4,10,10,0
1782,2018,6,mercedes,178,1,1,2
1783,2018,6,ferrari,156,2,2,2
1784,2018,6,red_bull,107,3,3,2
1785,2018,6,renault,46,4,4,0
1786,2018,6,mclaren,40,5,5,0
1787,2018,6,force_india,26,6,6,0
1788,2018,6,toro_rosso,19,7,7,0
1789,2018,6,haas,19,8,8,0
1790,2018,6,sauber,11,9,9,0
1791,2018,6,williams,4,10,10,0
1792,2018,7,mercedes,206,1,1,2
1793,2018,7,ferrari,189,2,2,3
1794,2018,7,red_bull,134,3,3,2
1795,2018,7,renault,56,4,4,0
1796,2018,7,mclaren,40,5,5,0
1797,2018,7,force_india,28,6,6,0
1798,2018,7,toro_rosso,19,7,7,0
1799,2018,7,haas,19,8,8,0
1800,2018,7,sauber,12,9,9,0
1801,2018,7,williams,4,10,10,0
1802,2018,8,mercedes,237,1,1,3
1803,2018,8,ferrari,214,2,2,3
1804,2018,8,red_bull,164,3,3,2
1805,2018,8,renault,62,4,4,0
1806,2018,8,mclaren,40,5,5,0
1807,2018,8,force_india,28,6,6,0
1808,2018,8,haas,27,7,7,0
1809,2018,8,toro_rosso,19,8,8,0
1810,2018,8,sauber,13,9,9,0
1811,2018,8,williams,4,10,10,0
1812,2018,9,ferrari,247,1,1,3
1813,2018,9,mercedes,237,2,2,3
1814,2018,9,red_bull,189,3,3,3
1815,2018,9,renault,62,4,4,0
1816,2018,9,haas,49,5,5,0
1817,2018,9,mclaren,44,6,6,0
1818,2018,9,force_india,42,7,7,0
1819,2018,9,toro_rosso,19,8,8,0
1820,2018,9,sauber,16,9,9,0
1821,2018,9,williams,4,10,10,0
1822,2018,10,ferrari,287,1,1,4
1823,2018,10,mercedes,267,2,2,3
1824,2018,10,red_bull,199,3,3,3
1825,2018,10,renault,70,4,4,0
1826,2018,10,haas,51,5,5,0
1827,2018,10,force_india,49,6,6,0
1828,2018,10,mclaren,48,7,7,0
1829,2018,10,toro_rosso,19,8,8,0
1830,2018,10,sauber,16,9,9,0
1831,2018,10,williams,4,10,10,0
1832,2018,11,mercedes,310,1,1,4
1833,2018,11,ferrari,302,2,2,4
1834,2018,11,red_bull,211,3,3,3
1835,2018,11,renault,80,4,4,0
1836,2018,11,force_india,59,5,5,0
1837,2018,11,haas,59,6,6,0
1838,2018,11,mclaren,48,7,7,0
1839,2018,11,toro_rosso,20,8,8,0
1840,2018,11,sauber,18,9,9,0
1841,2018,11,williams,4,10,10,0
1842,2018,12,mercedes,345,1,1,5
1843,2018,12,ferrari,335,2,2,4
1844,2018,12,red_bull,223,3,3,3
1845,2018,12,renault,82,4,4,0
1846,2018,12,haas,66,5,5,0
1847,2018,12,force_india,59,6,6,0
1848,2018,12,mclaren,52,7,7,0
1849,2018,12,toro_rosso,28,8,8,0
1850,2018,12,sauber,18,9,9,0
1851,2018,12,williams,4,10,10,0
1852,2018,13,mercedes,375,1,1,5
1853,2018,13,ferrari,360,2,2,5
1854,2018,13,red_bull,238,3,3,3
1855,2018,13,renault,82,4,4,0
1856,2018,13,haas,76,5,5,0
1857,2018,13,mclaren,52,6,6,0
1858,2018,13,toro_rosso,30,7,7,0
1859,2018,13,sauber,19,8,8,0
1860,2018,13,force_india,18,9,9,0
1861,2018,13,williams,4,10,10,0
1862,2018,14,mercedes,415,1,1,6
1863,2018,14,ferrari,390,2,2,5
1864,2018,14,red_bull,248,3,3,3
1865,2018,14,renault,86,4,4,0
1866,2018,14,haas,76,5,5,0
1867,2018,14,mclaren,52,6,6,0
1868,2018,14,force_india,32,7,7,0
1869,2018,14,toro_rosso,30,8,8,0
1870,2018,14,sauber,19,9,9,0
1871,2018,14,williams,7,10,10,0
1872,2018,15,mercedes,452,1,1,7
1873,2018,15,ferrari,415,2,2,5
1874,2018,15,red_bull,274,3,3,3
1875,2018,15,renault,91,4,4,0
1876,2018,15,haas,76,5,5,0
1877,2018,15,mclaren,58,6,6,0
1878,2018,15,force_india,32,7,7,0
1879,2018,15,toro_rosso,30,8,8,0
1880,2018,15,sauber,21,9,9,0
1881,2018,15,williams,7,10,10,0
1882,2018,16,mercedes,495,1,1,8
1883,2018,16,ferrari,442,2,2,5
1884,2018,16,red_bull,292,3,3,3
1885,2018,16,renault,91,4,4,0
1886,2018,16,haas,80,5,5,0
1887,2018,16,mclaren,58,6,6,0
1888,2018,16,force_india,35,7,7,0
1889,2018,16,toro_rosso,30,8,8,0
1890,2018,16,sauber,27,9,9,0
1891,2018,16,williams,7,10,10,0
1892,2018,17,mercedes,538,1,1,9
1893,2018,17,ferrari,460,2,2,5
1894,2018,17,red_bull,319,3,3,3
1895,2018,17,renault,92,4,4,0
1896,2018,17,haas,84,5,5,0
1897,2018,17,mclaren,58,6,6,0
1898,2018,17,force_india,43,7,7,0
1899,2018,17,toro_rosso,30,8,8,0
1900,2018,17,sauber,27,9,9,0
1901,2018,17,williams,7,10,10,0
1902,2018,18,mercedes,563,1,1,9
1903,2018,18,ferrari,497,2,2,6
1904,2018,18,red_bull,337,3,3,3
1905,2018,18,renault,106,4,4,0
1906,2018,18,haas,84,5,5,0
1907,2018,18,mclaren,58,6,6,0
1908,2018,18,force_india,47,7,7,0
1909,2018,18,toro_rosso,32,8,8,0
1910,2018,18,sauber,28,9,9,0
1911,2018,18,williams,7,10,10,0
1912,2018,19,mercedes,585,1,1,9
1913,2018,19,ferrari,530,2,2,6
1914,2018,19,red_bull,362,3,3,4
1915,2018,19,renault,114,4,4,0
1916,2018,19,haas,84,5,5,0
1917,2018,19,mclaren,62,6,6,0
1918,2018,19,force_india,47,7,7,0
1919,2018,19,sauber,36,8,8,0
1920,2018,19,toro_rosso,33,9,9,0
1921,2018,19,williams,7,10,10,0
1922,2018,20,mercedes,620,1,1,10
1923,2018,20,ferrari,553,2,2,6
1924,2018,20,red_bull,392,3,3,4
1925,2018,20,renault,114,4,4,0
1926,2018,20,haas,90,5,5,0
1927,2018,20,mclaren,62,6,6,0
1928,2018,20,force_india,48,7,7,0
1929,2018,20,sauber,42,8,8,0
1930,2018,20,toro_rosso,33,9,9,0
1931,2018,20,williams,7,10,10,0
1932,2018,21,mercedes,655,1,1,11
1933,2018,21,ferrari,571,2,2,6
1934,2018,21,red_bull,419,3,3,4
1935,2018,21,renault,122,4,4,0
1936,2018,21,haas,93,5,5,0
1937,2018,21,mclaren,62,6,6,0
1938,2018,21,force_india,52,7,7,0
1939,2018,21,sauber,48,8,8,0
1940,2018,21,toro_rosso,33,9,9,0
1941,2018,21,williams,7,10,10,0
1942,2019,1,mercedes,44,1,1,1
1943,2019,1,ferrari,22,2,2,0
1944,2019,1,red_bull,15,3,3,0
1945,2019,1,haas,8,4,4,0
1946,2019,1,renault,6,5,5,0
1947,2019,1,alfa,4,6,6,0
1948,2019,1,racing_point,2,7,7,0
1949,2019,1,toro_rosso,1,8,8,0
1950,2019,1,mclaren,0,9,9,0
1951,2019,1,williams,0,10,10,0
1952,2019,2,mercedes,87,1,1,2
1953,2019,2,ferrari,48,2,2,0
1954,2019,2,red_bull,31,3,3,0
1955,2019,2,alfa,10,4,4,0
1956,2019,2,mclaren,8,5,5,0
1957,2019,2,haas,8,6,6,0
1958,2019,2,renault,6,7,7,0
1959,2019,2,toro_rosso,3,8,8,0
1960,2019,2,racing_point,3,9,9,0
1961,2019,2,williams,0,10,10,0
1962,2019,3,mercedes,130,1,1,3
1963,2019,3,ferrari,73,2,2,0
1964,2019,3,red_bull,52,3,3,0
1965,2019,3,renault,12,4,4,0
1966,2019,3,alfa,12,5,5,0
1967,2019,3,haas,8,6,6,0
1968,2019,3,mclaren,8,7,7,0
1969,2019,3,racing_point,7,8,8,0
1970,2019,3,toro_rosso,4,9,9,0
1971,2019,3,williams,0,10,10,0
1972,2019,4,mercedes,173,1,1,4
1973,2019,4,ferrari,99,2,2,0
1974,2019,4,red_bull,64,3,3,0
1975,2019,4,mclaren,18,4,4,0
1976,2019,4,racing_point,17,5,5,0
1977,2019,4,alfa,13,6,6,0
1978,2019,4,renault,12,7,7,0
1979,2019,4,haas,8,8,8,0
1980,2019,4,toro_rosso,4,9,9,0
1981,2019,4,williams,0,10,10,0
1982,2019,5,mercedes,217,1,1,5
1983,2019,5,ferrari,121,2,2,0
1984,2019,5,red_bull,87,3,3,0
1985,2019,5,mclaren,22,4,4,0
1986,2019,5,racing_point,17,5,5,0
1987,2019,5,haas,15,6,6,0
1988,2019,5,alfa,13,7,7,0
1989,2019,5,renault,12,8,8,0
1990,2019,5,toro_rosso,6,9,9,0
1991,2019,5,williams,0,10,10,0
1992,2019,6,mercedes,257,1,1,6
1993,2019,6,ferrari,139,2,2,0
1994,2019,6,red_bull,110,3,3,0
1995,2019,6,mclaren,30,4,4,0
1996,2019,6,racing_point,17,5,5,0
1997,2019,6,haas,16,6,6,0
1998,2019,6,toro_rosso,16,7,7,0
1999,2019,6,renault,14,8,8,0
2000,2019,6,alfa,13,9,9,0
2001,2019,6,williams,0,10,10,0
2002,2019,7,mercedes,295,1,1,7
2003,2019,7,ferrari,172,2,2,0
2004,2019,7,red_bull,124,3,3,0
2005,2019,7,mclaren,30,4,4,0
2006,2019,7,renault,28,5,5,0
2007,2019,7,racing_point,19,6,6,0
2008,2019,7,toro_rosso,17,7,7,0
2009,2019,7,haas,16,8,8,0
2010,2019,7,alfa,13,9,9,0
2011,2019,7,williams,0,10,10,0
2012,2019,8,mercedes,338,1,1,8
2013,2019,8,ferrari,198,2,2,0
2014,2019,8,red_bull,137,3,3,0
2015,2019,8,mclaren,40,4,4,0
2016,2019,8,renault,32,5,5,0
2017,2019,8,racing_point,19,6,6,0
2018,2019,8,alfa,19,7,7,0
2019,2019,8,toro_rosso,17,8,8,0
2020,2019,8,haas,16,9,9,0
2021,2019,8,williams,0,10,10,0
2022,2019,9,mercedes,363,1,1,8
2023,2019,9,ferrari,228,2,2,0
2024,2019,9,red_bull,169,3,3,1
2025,2019,9,mclaren,52,4,4,0
2026,2019,9,renault,32,5,5,0
2027,2019,9,alfa,22,6,6,0
2028,2019,9,racing_point,19,7,7,0
2029,2019,9,toro_rosso,17,8,8,0
2030,2019,9,haas,16,9,9,0
2031,2019,9,williams,0,10,10,0
2032,2019,10,mercedes,407,1,1,9
2033,2019,10,ferrari,243,2,2,0
2034,2019,10,red_bull,191,3,3,1
2035,2019,10,mclaren,60,4,4,0
2036,2019,10,renault,39,5,5,0
2037,2019,10,alfa,26,6,6,0
2038,2019,10,racing_point,19,7,7,0
2039,2019,10,toro_rosso,19,8,8,0
2040,2019,10,haas,16,9,9,0
2041,2019,10,williams,0,10,10,0
2042,2019,11,mercedes,409,1,1,9
2043,2019,11,ferrari,261,2,2,0
2044,2019,11,red_bull,217,3,3,2
2045,2019,11,mclaren,70,4,4,0
2046,2019,11,toro_rosso,42,5,5,0
2047,2019,11,renault,39,6,6,0
2048,2019,11,racing_point,31,7,7,0
2049,2019,11,haas,26,8,8,0
2050,2019,11,alfa,26,9,9,0
2051,2019,11,williams,1,10,10,0
2052,2019,12,mercedes,438,1,1,10
2053,2019,12,ferrari,288,2,2,0
2054,2019,12,red_bull,244,3,3,2
2055,2019,12,mclaren,82,4,4,0
2056,2019,12,toro_rosso,43,5,5,0
2057,2019,12,renault,39,6,6,0
2058,2019,12,alfa,32,7,7,0
2059,2019,12,racing_point,31,8,8,0
2060,2019,12,haas,26,9,9,0
2061,2019,12,williams,1,10,10,0
2062,2019,13,mercedes,471,1,1,10
2063,2019,13,ferrari,326,2,2,1
2064,2019,13,red_bull,254,3,3,2
2065,2019,13,mclaren,82,4,4,0
2066,2019,13,toro_rosso,51,5,5,0
2067,2019,13,renault,43,6,6,0
2068,2019,13,racing_point,40,7,7,0
2069,2019,13,alfa,32,8,8,0
2070,2019,13,haas,26,9,9,0
2071,2019,13,williams,1,10,10,0
2072,2019,14,mercedes,505,1,1,10
2073,2019,14,ferrari,351,2,2,2
2074,2019,14,red_bull,266,3,3,2
2075,2019,14,mclaren,83,4,4,0
2076,2019,14,renault,65,5,5,0
2077,2019,14,toro_rosso,51,6,6,0
2078,2019,14,racing_point,46,7,7,0
2079,2019,14,alfa,34,8,8,0
2080,2019,14,haas,26,9,9,0
2081,2019,14,williams,1,10,10,0
2082,2019,15,mercedes,527,1,1,10
2083,2019,15,ferrari,394,2,2,3
2084,2019,15,red_bull,289,3,3,2
2085,2019,15,mclaren,89,4,4,0
2086,2019,15,renault,67,5,5,0
2087,2019,15,toro_rosso,55,6,6,0
2088,2019,15,racing_point,46,7,7,0
2089,2019,15,alfa,35,8,8,0
2090,2019,15,haas,26,9,9,0
2091,2019,15,williams,1,10,10,0
2092,2019,16,mercedes,571,1,1,11
2093,2019,16,ferrari,409,2,2,3
2094,2019,16,red_bull,311,3,3,2
2095,2019,16,mclaren,101,4,4,0
2096,2019,16,renault,68,5,5,0
2097,2019,16,toro_rosso,55,6,6,0
2098,2019,16,racing_point,52,7,7,0
2099,2019,16,alfa,35,8,8,0
2100,2019,16,haas,28,9,9,0
2101,2019,16,williams,1,10,10,0
2102,2019,17,mercedes,612,1,1,12
2103,2019,17,ferrari,435,2,2,3
2104,2019,17,red_bull,323,3,3,2
2105,2019,17,mclaren,111,4,4,0
2106,2019,17,renault,68,5,5,0
2107,2019,17,toro_rosso,62,6,6,0
2108,2019,17,racing_point,58,7,7,0
2109,2019,17,alfa,35,8,8,0
2110,2019,17,haas,28,9,9,0
2111,2019,17,williams,1,10,10,0
2112,2019,18,mercedes,652,1,1,13
2113,2019,18,ferrari,466,2,2,3
2114,2019,18,red_bull,341,3,3,2
2115,2019,18,mclaren,111,4,4,0
2116,2019,18,renault,73,5,5,0
2117,2019,18,toro_rosso,64,6,6,0
2118,2019,18,racing_point,64,7,7,0
2119,2019,18,alfa,35,8,8,0
2120,2019,18,haas,28,9,9,0
2121,2019,18,williams,1,10,10,0
2122,2019,19,mercedes,695,1,1,14
2123,2019,19,ferrari,479,2,2,3
2124,2019,19,red_bull,366,3,3,2
2125,2019,19,mclaren,121,4,4,0
2126,2019,19,renault,83,5,5,0
2127,2019,19,racing_point,65,6,6,0
2128,2019,19,toro_rosso,64,7,7,0
2129,2019,19,alfa,35,8,8,0
2130,2019,19,haas,28,9,9,0
2131,2019,19,williams,1,10,10,0
2132,2019,20,mercedes,701,1,1,14
2133,2019,20,ferrari,479,2,2,3
2134,2019,20,red_bull,391,3,3,3
2135,2019,20,mclaren,140,4,4,0
2136,2019,20,renault,91,5,5,0
2137,2019,20,toro_rosso,83,6,6,0
2138,2019,20,racing_point,67,7,7,0
2139,2019,20,alfa,57,8,8,0
2140,2019,20,haas,28,9,9,0
2141,2019,20,williams,1,10,10,0
2142,2019,21,mercedes,739,1,1,15
2143,2019,21,ferrari,504,2,2,3
2144,2019,21,red_bull,417,3,3,3
2145,2019,21,mclaren,145,4,4,0
2146,2019,21,renault,91,5,5,0
2147,2019,21,toro_rosso,85,6,6,0
2148,2019,21,racing_point,73,7,7,0
2149,2019,21,alfa,57,8,8,0
2150,2019,21,haas,28,9,9,0
2151,2019,21,williams,1,10,10,0
2152,2020,1,mercedes,37,1,1,1
2153,2020,1,mclaren,26,2,2,0
2154,2020,1,ferrari,19,3,3,0
2155,2020,1,racing_point,8,4,4,0
2156,2020,1,alphatauri,6,5,5,0
2157,2020,1,renault,4,6,6,0
2158,2020,1,alfa,2,7,7,0
2159,2020,1,williams,0,8,8,0
2160,2020,1,red_bull,0,9,9,0
2161,2020,1,haas,0,10,10,0
2162,2020,2,mercedes,80,1,1,2
2163,2020,2,mclaren,39,2,2,0
2164,2020,2,red_bull,27,3,3,0
2165,2020,2,racing_point,22,4,4,0
2166,2020,2,ferrari,19,5,5,0
2167,2020,2,renault,8,6,6,0
2168,2020,2,alphatauri,7,7,7,0
2169,2020,2,alfa,2,8,8,0
2170,2020,2,williams,0,9,9,0
2171,2020,2,haas,0,10,10,0
2172,2020,3,mercedes,121,1,1,3
2173,2020,3,red_bull,55,2,2,0
2174,2020,3,mclaren,41,3,3,0
2175,2020,3,racing_point,40,4,4,0
2176,2020,3,ferrari,27,5,5,0
2177,2020,3,renault,12,6,6,0
2178,2020,3,alphatauri,7,7,7,0
2179,2020,3,alfa,2,8,8,0
2180,2020,3,haas,1,9,9,0
2181,2020,3,williams,0,10,10,0
2182,2020,4,mercedes,146,1,1,4
2183,2020,4,red_bull,78,2,2,0
2184,2020,4,mclaren,51,3,3,0
2185,2020,4,ferrari,43,4,4,0
2186,2020,4,racing_point,42,5,5,0
2187,2020,4,renault,32,6,6,0
2188,2020,4,alphatauri,13,7,7,0
2189,2020,4,alfa,2,8,8,0
2190,2020,4,haas,1,9,9,0
2191,2020,4,williams,0,10,10,0
2192,2020,5,mercedes,180,1,1,4
2193,2020,5,red_bull,113,2,2,1
2194,2020,5,ferrari,55,3,3,0
2195,2020,5,mclaren,53,4,4,0
2196,2020,5,racing_point,41,5,5,0
2197,2020,5,renault,36,6,6,0
2198,2020,5,alphatauri,14,7,7,0
2199,2020,5,alfa,2,8,8,0
2200,2020,5,haas,1,9,9,0
2201,2020,5,williams,0,10,10,0
2202,2020,6,mercedes,221,1,1,5
2203,2020,6,red_bull,135,2,2,1
2204,2020,6,racing_point,63,3,3,0
2205,2020,6,mclaren,62,4,4,0
2206,2020,6,ferrari,61,5,5,0
2207,2020,6,renault,36,6,6,0
2208,2020,6,alphatauri,16,7,7,0
2209,2020,6,alfa,2,8,8,0
2210,2020,6,haas,1,9,9,0
2211,2020,6,williams,0,10,10,0
2212,2020,7,mercedes,264,1,1,6
2213,2020,7,red_bull,158,2,2,1
2214,2020,7,mclaren,68,3,3,0
2215,2020,7,racing_point,66,4,4,0
2216,2020,7,ferrari,61,5,5,0
2217,2020,7,renault,59,6,6,0
2218,2020,7,alphatauri,20,7,7,0
2219,2020,7,alfa,2,8,8,0
2220,2020,7,haas,1,9,9,0
2221,2020,7,williams,0,10,10,0
2222,2020,8,mercedes,281,1,1,6
2223,2020,8,red_bull,158,2,2,1
2224,2020,8,mclaren,98,3,3,0
2225,2020,8,racing_point,82,4,4,0
2226,2020,8,renault,71,5,5,0
2227,2020,8,ferrari,61,6,6,0
2228,2020,8,alphatauri,47,7,7,1
2229,2020,8,alfa,2,8,8,0
2230,2020,8,haas,1,9,9,0
2231,2020,8,williams,0,10,10,0
2232,2020,9,mercedes,325,1,1,7
2233,2020,9,red_bull,173,2,2,1
2234,2020,9,mclaren,106,3,3,0
2235,2020,9,racing_point,92,4,4,0
2236,2020,9,renault,83,5,5,0
2237,2020,9,ferrari,66,6,6,0
2238,2020,9,alphatauri,53,7,7,1
2239,2020,9,alfa,4,8,8,0
2240,2020,9,haas,1,9,9,0
2241,2020,9,williams,0,10,10,0
2242,2020,10,mercedes,366,1,1,8
2243,2020,10,red_bull,192,2,2,1
2244,2020,10,mclaren,106,3,3,0
2245,2020,10,racing_point,104,4,4,0
2246,2020,10,renault,99,5,5,0
2247,2020,10,ferrari,74,6,6,0
2248,2020,10,alphatauri,59,7,7,1
2249,2020,10,alfa,4,8,8,0
2250,2020,10,haas,1,9,9,0
2251,2020,10,williams,0,10,10,0
2252,2020,11,mercedes,391,1,1,9
2253,2020,11,red_bull,211,2,2,1
2254,2020,11,racing_point,120,3,3,0
2255,2020,11,mclaren,116,4,4,0
2256,2020,11,renault,114,5,5,0
2257,2020,11,ferrari,80,6,6,0
2258,2020,11,alphatauri,67,7,7,1
2259,2020,11,alfa,5,8,8,0
2260,2020,11,haas,3,9,9,0
2261,2020,11,williams,0,10,10,0
2262,2020,12,mercedes,435,1,1,10
2263,2020,12,red_bull,226,2,2,1
2264,2020,12,racing_point,126,3,3,0
2265,2020,12,mclaren,124,4,4,0
2266,2020,12,renault,120,5,5,0
2267,2020,12,ferrari,93,6,6,0
2268,2020,12,alphatauri,77,7,7,1
2269,2020,12,alfa,5,8,8,0
2270,2020,12,haas,3,9,9,0
2271,2020,12,williams,0,10,10,0
2272,2020,13,mercedes,479,1,1,11
2273,2020,13,red_bull,226,2,2,1
2274,2020,13,renault,135,3,3,0
2275,2020,13,mclaren,134,4,4,0
2276,2020,13,racing_point,134,5,5,0
2277,2020,13,ferrari,103,6,6,0
2278,2020,13,alphatauri,89,7,7,1
2279,2020,13,alfa,8,8,8,0
2280,2020,13,haas,3,9,9,0
2281,2020,13,williams,0,10,10,0
2282,2020,14,mercedes,504,1,1,12
2283,2020,14,red_bull,240,2,2,1
2284,2020,14,racing_point,154,3,3,0
2285,2020,14,mclaren,149,4,4,0
2286,2020,14,renault,136,5,5,0
2287,2020,14,ferrari,130,6,6,0
2288,2020,14,alphatauri,89,7,7,1
2289,2020,14,alfa,8,8,8,0
2290,2020,14,haas,3,9,9,0
2291,2020,14,williams,0,10,10,0
2292,2020,15,mercedes,533,1,1,13
2293,2020,15,red_bull,274,2,2,1
2294,2020,15,mclaren,171,3,3,0
2295,2020,15,racing_point,154,4,4,0
2296,2020,15,renault,144,5,5,0
2297,2020,15,ferrari,131,6,6,0
2298,2020,15,alphatauri,97,7,7,1
2299,2020,15,alfa,8,8,8,0
2300,2020,15,haas,3,9,9,0
2301,2020,15,williams,0,10,10,0
2302,2020,16,mercedes,540,1,1,13
2303,2020,16,red_bull,282,2,2,1
2304,2020,16,racing_point,194,3,3,1
2305,2020,16,mclaren,184,4,4,0
2306,2020,16,renault,172,5,5,0
2307,2020,16,ferrari,131,6,6,0
2308,2020,16,alphatauri,103,7,7,1
2309,2020,16,alfa,8,8,8,0
2310,2020,16,haas,3,9,9,0
2311,2020,16,williams,0,10,10,0
2312,2020,17,mercedes,573,1,1,13
2313,2020,17,red_bull,319,2,2,2
2314,2020,17,mclaren,202,3,3,0
2315,2020,17,racing_point,195,4,4,1
2316,2020,17,renault,181,5,5,0
2317,2020,17,ferrari,131,6,6,0
2318,2020,17,alphatauri,107,7,7,1
2319,2020,17,alfa,8,8,8,0
2320,2020,17,haas,3,9,9,0
2321,2020,17,williams,0,10,10,0
2322,2021,1,mercedes,41,1,1,1
2323,2021,1,red_bull,28,2,2,0
2324,2021,1,mclaren,18,3,3,0
2325,2021,1,ferrari,12,4,4,0
2326,2021,1,alphatauri,2,5,5,0
2327,2021,1,aston_martin,1,6,6,0
2328,2021,1,alfa,0,7,7,0
2329,2021,1,alpine,0,8,8,0
2330,2021,1,williams,0,9,9,0
2331,2021,1,haas,0,10,10,0
2332,2021,2,mercedes,60,1,1,1
2333,2021,2,red_bull,53,2,2,1
2334,2021,2,mclaren,41,3,3,0
2335,2021,2,ferrari,34,4,4,0
2336,2021,2,alphatauri,8,5,5,0
2337,2021,2,aston_martin,5,6,6,0
2338,2021,2,alpine,3,7,7,0
2339,2021,2,alfa,0,8,8,0
2340,2021,2,williams,0,9,9,0
2341,2021,2,haas,0,10,10,0
2342,2021,3,mercedes,101,1,1,2
2343,2021,3,red_bull,83,2,2,1
2344,2021,3,mclaren,53,3,3,0
2345,2021,3,ferrari,42,4,4,0
2346,2021,3,alpine,13,5,5,0
2347,2021,3,alphatauri,9,6,6,0
2348,2021,3,aston_martin,5,7,7,0
2349,2021,3,alfa,0,8,8,0
2350,2021,3,williams,0,9,9,0
2351,2021,3,haas,0,10,10,0
2352,2021,4,mercedes,141,1,1,3
2353,2021,4,red_bull,112,2,2,1
2354,2021,4,mclaren,65,3,3,0
2355,2021,4,ferrari,60,4,4,0
2356,2021,4,alpine,15,5,5,0
2357,2021,4,alphatauri,10,6,6,0
2358,2021,4,aston_martin,5,7,7,0
2359,2021,4,alfa,0,8,8,0
2360,2021,4,williams,0,9,9,0
2361,2021,4,haas,0,10,10,0
2362,2021,5,red_bull,149,1,1,2
2363,2021,5,mercedes,148,2,2,3
2364,2021,5,mclaren,80,3,3,0
2365,2021,5,ferrari,78,4,4,0
2366,2021,5,aston_martin,19,5,5,0
2367,2021,5,alphatauri,18,6,6,0
2368,2021,5,alpine,17,7,7,0
2369,2021,5,alfa,1,8,8,0
2370,2021,5,williams,0,9,9,0
2371,2021,5,haas,0,10,10,0
2372,2021,6,red_bull,174,1,1,3
2373,2021,6,mercedes,148,2,2,3
2374,2021,6,ferrari,94,3,3,0
2375,2021,6,mclaren,92,4,4,0
2376,2021,6,alphatauri,39,5,5,0
2377,2021,6,aston_martin,37,6,6,0
2378,2021,6,alpine,25,7,7,0
2379,2021,6,alfa,2,8,8,0
2380,2021,6,haas,0,9,9,0
2381,2021,6,williams,0,10,10,0
2382,2021,7,red_bull,215,1,1,4
2383,2021,7,mercedes,178,2,2,3
2384,2021,7,mclaren,110,3,3,0
2385,2021,7,ferrari,94,4,4,0
2386,2021,7,alphatauri,45,5,5,0
2387,2021,7,aston_martin,40,6,6,0
2388,2021,7,alpine,29,7,7,0
2389,2021,7,alfa,2,8,8,0
2390,2021,7,williams,0,9,9,0
2391,2021,7,haas,0,10,10,0
2392,2021,8,red_bull,252,1,1,5
2393,2021,8,mercedes,212,2,2,3
2394,2021,8,mclaren,120,3,3,0
2395,2021,8,ferrari,108,4,4,0
2396,2021,8,alphatauri,46,5,5,0
2397,2021,8,aston_martin,44,6,6,0
2398,2021,8,alpine,31,7,7,0
2399,2021,8,alfa,2,8,8,0
2400,2021,8,williams,0,9,9,0
2401,2021,8,haas,0,10,10,0
2402,2021,9,red_bull,286,1,1,6
2403,2021,9,mercedes,242,2,2,3
2404,2021,9,mclaren,141,3,3,0
2405,2021,9,ferrari,122,4,4,0
2406,2021,9,alphatauri,48,5,5,0
2407,2021,9,aston_martin,44,6,6,0
2408,2021,9,alpine,32,7,7,0
2409,2021,9,alfa,2,8,8,0
2410,2021,9,williams,0,9,9,0
2411,2021,9,haas,0,10,10,0
2412,2021,10,red_bull,289,1,1,6
2413,2021,10,mercedes,285,2,2,4
2414,2021,10,mclaren,163,3,3,0
2415,2021,10,ferrari,148,4,4,0
2416,2021,10,alphatauri,49,5,5,0
2417,2021,10,aston_martin,48,6,6,0
2418,2021,10,alpine,40,7,7,0
2419,2021,10,alfa,2,8,8,0
2420,2021,10,williams,0,9,9,0
2421,2021,10,haas,0,10,10,0
2422,2021,11,mercedes,303,1,1,4
2423,2021,11,red_bull,291,2,2,6
2424,2021,11,ferrari,163,3,3,0
2425,2021,11,mclaren,163,4,4,0
2426,2021,11,alpine,77,5,5,1
2427,2021,11,alphatauri,68,6,6,0
2428,2021,11,aston_martin,48,7,7,0
2429,2021,11,williams,10,8,8,0
2430,2021,11,alfa,3,9,9,0
2431,2021,11,haas,0,10,10,0
2432,2021,12,mercedes,310.5,1,1,4
2433,2021,12,red_bull,303.5,2,2,7
2434,2021,12,mclaren,169,3,3,0
2435,2021,12,ferrari,165.5,4,4,0
2436,2021,12,alpine,80,5,5,1
2437,2021,12,alphatauri,72,6,6,0
2438,2021,12,aston_martin,53,7,7,0
2439,2021,12,williams,20,8,8,0
2440,2021,12,alfa,3,9,9,0
2441,2021,12,haas,0,10,10,0
2442,2021,13,mercedes,344.5,1,1,4
2443,2021,13,red_bull,332.5,2,2,8
2444,2021,13,ferrari,181.5,3,3,0
2445,2021,13,mclaren,170,4,4,0
2446,2021,13,alpine,90,5,5,1
2447,2021,13,alphatauri,84,6,6,0
2448,2021,13,aston_martin,53,7,7,0
2449,2021,13,williams,20,8,8,0
2450,2021,13,alfa,3,9,9,0
2451,2021,13,haas,0,10,10,0
2452,2021,14,mercedes,362.5,1,1,4
2453,2021,14,red_bull,344.5,2,2,8
2454,2021,14,mclaren,215,3,3,1
2455,2021,14,ferrari,201.5,4,4,0
2456,2021,14,alpine,95,5,5,1
2457,2021,14,alphatauri,84,6,6,0
2458,2021,14,aston_martin,59,7,7,0
2459,2021,14,williams,22,8,8,0
2460,2021,14,alfa,3,9,9,0
2461,2021,14,haas,0,10,10,0
2462,2021,15,mercedes,397.5,1,1,5
2463,2021,15,red_bull,364.5,2,2,8
2464,2021,15,mclaren,234,3,3,1
2465,2021,15,ferrari,216.5,4,4,0
2466,2021,15,alpine,103,5,5,1
2467,2021,15,alphatauri,84,6,6,0
2468,2021,15,aston_martin,59,7,7,0
2469,2021,15,williams,23,8,8,0
2470,2021,15,alfa,7,9,9,0
2471,2021,15,haas,0,10,10,0
2472,2021,16,mercedes,433.5,1,1,6
2473,2021,16,red_bull,397.5,2,2,8
2474,2021,16,mclaren,240,3,3,1
2475,2021,16,ferrari,232.5,4,4,0
2476,2021,16,alpine,104,5,5,1
2477,2021,16,alphatauri,92,6,6,0
2478,2021,16,aston_martin,61,7,7,0
2479,2021,16,williams,23,8,8,0
2480,2021,16,alfa,7,9,9,0
2481,2021,16,haas,0,10,10,0
2482,2021,17,mercedes,460.5,1,1,6
2483,2021,17,red_bull,437.5,2,2,9
2484,2021,17,mclaren,254,3,3,1
2485,2021,17,ferrari,250.5,4,4,0
2486,2021,17,alpine,104,5,5,1
2487,2021,17,alphatauri,94,6,6,0
2488,2021,17,aston_martin,62,7,7,0
2489,2021,17,williams,23,8,8,0
2490,2021,17,alfa,7,9,9,0
2491,2021,17,haas,0,10,10,0
2492,2021,18,mercedes,478.5,1,1,6
2493,2021,18,red_bull,477.5,2,2,10
2494,2021,18,ferrari,268.5,3,3,0
2495,2021,18,mclaren,255,4,4,1
2496,2021,18,alpine,106,5,5,1
2497,2021,18,alphatauri,106,6,6,0
2498,2021,18,aston_martin,68,7,7,0
2499,2021,18,williams,23,8,8,0
2500,2021,18,alfa,11,9,9,0
2501,2021,18,haas,0,10,10,0
2502,2021,19,mercedes,521.5,1,1,7
2503,2021,19,red_bull,510.5,2,2,10
2504,2021,19,ferrari,287.5,3,3,0
2505,2021,19,mclaren,256,4,4,1
2506,2021,19,alpine,112,5,5,1
2507,2021,19,alphatauri,112,6,6,0
2508,2021,19,aston_martin,68,7,7,0
2509,2021,19,williams,23,8,8,0
2510,2021,19,alfa,11,9,9,0
2511,2021,19,haas,0,10,10,0
2512,2021,20,mercedes,546.5,1,1,8
2513,2021,20,red_bull,541.5,2,2,10
2514,2021,20,ferrari,297.5,3,3,0
2515,2021,20,mclaren,258,4,4,1
2516,2021,20,alpine,137,5,5,1
2517,2021,20,alphatauri,112,6,6,0
2518,2021,20,aston_martin,77,7,7,0
2519,2021,20,williams,23,8,8,0
2520,2021,20,alfa,11,9,9,0
2521,2021,20,haas,0,10,10,0
2522,2021,21,mercedes,587.5,1,1,9
2523,2021,21,red_bull,559.5,2,2,10
2524,2021,21,ferrari,307.5,3,3,0
2525,2021,21,mclaren,269,4,4,1
2526,2021,21,alpine,149,5,5,1
2527,2021,21,alphatauri,120,6,6,0
2528,2021,21,aston_martin,77,7,7,0
2529,2021,21,williams,23,8,8,0
2530,2021,21,alfa,13,9,9,0
2531,2021,21,haas,0,10,10,0
2532,2021,22,mercedes,613.5,1,1,9
2533,2021,22,red_bull,585.5,2,2,11
2534,2021,22,ferrari,323.5,3,3,0
2535,2021,22,mclaren,275,4,4,1
2536,2021,22,alpine,155,5,5,1
2537,2021,22,alphatauri,142,6,6,0
2538,2021,22,aston_martin,77,7,7,0
2539,2021,22,williams,23,8,8,0
2540,2021,22,alfa,13,9,9,0
2541,2021,22,haas,0,10,10,0
2542,2022,1,ferrari,44,1,1,1
2543,2022,1,mercedes,27,2,2,0
2544,2022,1,haas,10,3,3,0
2545,2022,1,alfa,9,4,4,0
2546,2022,1,alpine,8,5,5,0
2547,2022,1,alphatauri,4,6,6,0
2548,2022,1,aston_martin,0,7,7,0
2549,2022,1,williams,0,8,8,0
2550,2022,1,mclaren,0,9,9,0
2551,2022,1,red_bull,0,10,10,0
2552,2022,2,ferrari,78,1,1,1
2553,2022,2,mercedes,38,2,2,0
2554,2022,2,red_bull,37,3,3,1
2555,2022,2,alpine,16,4,4,0
2556,2022,2,haas,12,5,5,0
2557,2022,2,alfa,9,6,6,0
2558,2022,2,alphatauri,8,7,7,0
2559,2022,2,mclaren,6,8,8,0
2560,2022,2,aston_martin,0,9,9,0
2561,2022,2,williams,0,10,10,0
2562,2022,3,ferrari,104,1,1,2
2563,2022,3,mercedes,65,2,2,0
2564,2022,3,red_bull,55,3,3,1
2565,2022,3,mclaren,24,4,4,0
2566,2022,3,alpine,22,5,5,0
2567,2022,3,alfa,13,6,6,0
2568,2022,3,haas,12,7,7,0
2569,2022,3,alphatauri,10,8,8,0
2570,2022,3,williams,1,9,9,0
2571,2022,3,aston_martin,0,10,10,0
2572,2022,4,ferrari,124,1,1,2
2573,2022,4,red_bull,113,2,2,2
2574,2022,4,mercedes,77,3,3,0
2575,2022,4,mclaren,46,4,4,0
2576,2022,4,alfa,25,5,5,0
2577,2022,4,alpine,22,6,6,0
2578,2022,4,alphatauri,16,7,7,0
2579,2022,4,haas,15,8,8,0
2580,2022,4,aston_martin,5,9,9,0
2581,2022,4,williams,1,10,10,0
2582,2022,5,ferrari,157,1,1,2
2583,2022,5,red_bull,151,2,2,3
2584,2022,5,mercedes,95,3,3,0
2585,2022,5,mclaren,46,4,4,0
2586,2022,5,alfa,31,5,5,0
2587,2022,5,alpine,26,6,6,0
2588,2022,5,alphatauri,16,7,7,0
2589,2022,5,haas,15,8,8,0
2590,2022,5,aston_martin,6,9,9,0
2591,2022,5,williams,3,10,10,0
2592,2022,6,red_bull,195,1,1,4
2593,2022,6,ferrari,169,2,2,2
2594,2022,6,mercedes,120,3,3,0
2595,2022,6,mclaren,50,4,4,0
2596,2022,6,alfa,39,5,5,0
2597,2022,6,alpine,34,6,6,0
2598,2022,6,alphatauri,17,7,7,0
2599,2022,6,haas,15,8,8,0
2600,2022,6,aston_martin,6,9,9,0
2601,2022,6,williams,3,10,10,0
2602,2022,7,red_bull,235,1,1,5
2603,2022,7,ferrari,199,2,2,2
2604,2022,7,mercedes,134,3,3,0
2605,2022,7,mclaren,59,4,4,0
2606,2022,7,alfa,41,5,5,0
2607,2022,7,alpine,40,6,6,0
2608,2022,7,alphatauri,17,7,7,0
2609,2022,7,haas,15,8,8,0
2610,2022,7,aston_martin,7,9,9,0
2611,2022,7,williams,3,10,10,0
2612,2022,8,red_bull,279,1,1,6
2613,2022,8,ferrari,199,2,2,2
2614,2022,8,mercedes,161,3,3,0
2615,2022,8,mclaren,65,4,4,0
2616,2022,8,alpine,47,5,5,0
2617,2022,8,alfa,41,6,6,0
2618,2022,8,alphatauri,27,7,7,0
2619,2022,8,haas,15,8,8,0
2620,2022,8,aston_martin,15,9,9,0
2621,2022,8,williams,3,10,10,0
2622,2022,9,red_bull,304,1,1,7
2623,2022,9,ferrari,228,2,2,2
2624,2022,9,mercedes,188,3,3,0
2625,2022,9,mclaren,65,4,4,0
2626,2022,9,alpine,57,5,5,0
2627,2022,9,alfa,51,6,6,0
2628,2022,9,alphatauri,27,7,7,0
2629,2022,9,aston_martin,16,8,8,0
2630,2022,9,haas,15,9,9,0
2631,2022,9,williams,3,10,10,0
2632,2022,10,red_bull,328,1,1,7
2633,2022,10,ferrari,265,2,2,3
2634,2022,10,mercedes,204,3,3,0
2635,2022,10,mclaren,73,4,4,0
2636,2022,10,alpine,67,5,5,0
2637,2022,10,alfa,51,6,6,0
2638,2022,10,alphatauri,27,7,7,0
2639,2022,10,haas,20,8,8,0
2640,2022,10,aston_martin,18,9,9,0
2641,2022,10,williams,3,10,10,0
2642,2022,11,red_bull,359,1,1,7
2643,2022,11,ferrari,303,2,2,4
2644,2022,11,mercedes,237,3,3,0
2645,2022,11,mclaren,81,4,4,0
2646,2022,11,alpine,81,5,5,0
2647,2022,11,alfa,51,6,6,0
2648,2022,11,haas,34,7,7,0
2649,2022,11,alphatauri,27,8,8,0
2650,2022,11,aston_martin,18,9,9,0
2651,2022,11,williams,3,10,10,0
2652,2022,12,red_bull,396,1,1,8
2653,2022,12,ferrari,314,2,2,4
2654,2022,12,mercedes,270,3,3,0
2655,2022,12,alpine,93,4,4,0
2656,2022,12,mclaren,89,5,5,0
2657,2022,12,alfa,51,6,6,0
2658,2022,12,haas,34,7,7,0
2659,2022,12,alphatauri,27,8,8,0
2660,2022,12,aston_martin,19,9,9,0
2661,2022,12,williams,3,10,10,0
2662,2022,13,red_bull,431,1,1,9
2663,2022,13,ferrari,334,2,2,4
2664,2022,13,mercedes,304,3,3,0
2665,2022,13,alpine,99,4,4,0
2666,2022,13,mclaren,95,5,5,0
2667,2022,13,alfa,51,6,6,0
2668,2022,13,haas,34,7,7,0
2669,2022,13,alphatauri,27,8,8,0
2670,2022,13,aston_martin,20,9,9,0
2671,2022,13,williams,3,10,10,0
2672,2022,14,red_bull,475,1,1,10
2673,2022,14,ferrari,357,2,2,4
2674,2022,14,mercedes,316,3,3,0
2675,2022,14,alpine,115,4,4,0
2676,2022,14,mclaren,95,5,5,0
2677,2022,14,alfa,51,6,6,0
2678,2022,14,haas,34,7,7,0
2679,2022,14,alphatauri,29,8,8,0
2680,2022,14,aston_martin,24,9,9,0
2681,2022,14,williams,4,10,10,0
2682,2022,15,red_bull,511,1,1,11
2683,2022,15,ferrari,376,2,2,4
2684,2022,15,mercedes,346,3,3,0
2685,2022,15,alpine,125,4,4,0
2686,2022,15,mclaren,101,5,5,0
2687,2022,15,alfa,51,6,6,0
2688,2022,15,haas,34,7,7,0
2689,2022,15,alphatauri,29,8,8,0
2690,2022,15,aston_martin,25,9,9,0
2691,2022,15,williams,4,10,10,0
2692,2022,16,red_bull,545,1,1,12
2693,2022,16,ferrari,406,2,2,4
2694,2022,16,mercedes,371,3,3,0
2695,2022,16,alpine,125,4,4,0
2696,2022,16,mclaren,107,5,5,0
2697,2022,16,alfa,52,6,6,0
2698,2022,16,haas,34,7,7,0
2699,2022,16,alphatauri,33,8,8,0
2700,2022,16,aston_martin,25,9,9,0
2701,2022,16,williams,6,10,10,0
2702,2022,17,red_bull,576,1,1,13
2703,2022,17,ferrari,439,2,2,4
2704,2022,17,mercedes,373,3,3,0
2705,2022,17,mclaren,129,4,4,0
2706,2022,17,alpine,125,5,5,0
2707,2022,17,alfa,52,6,6,0
2708,2022,17,aston_martin,37,7,7,0
2709,2022,17,haas,34,8,8,0
2710,2022,17,alphatauri,34,9,9,0
2711,2022,17,williams,6,10,10,0
2712,2022,18,red_bull,619,1,1,14
2713,2022,18,ferrari,454,2,2,4
2714,2022,18,mercedes,387,3,3,0
2715,2022,18,alpine,143,4,4,0
2716,2022,18,mclaren,130,5,5,0
2717,2022,18,alfa,52,6,6,0
2718,2022,18,aston_martin,45,7,7,0
2719,2022,18,haas,34,8,8,0
2720,2022,18,alphatauri,34,9,9,0
2721,2022,18,williams,8,10,10,0
2722,2022,19,red_bull,656,1,1,15
2723,2022,19,ferrari,469,2,2,4
2724,2022,19,mercedes,416,3,3,0
2725,2022,19,alpine,149,4,4,0
2726,2022,19,mclaren,138,5,5,0
2727,2022,19,alfa,52,6,6,0
2728,2022,19,aston_martin,49,7,7,0
2729,2022,19,haas,36,8,8,0
2730,2022,19,alphatauri,35,9,9,0
2731,2022,19,williams,8,10,10,0
2732,2022,20,red_bull,696,1,1,16
2733,2022,20,ferrari,487,2,2,4
2734,2022,20,mercedes,447,3,3,0
2735,2022,20,alpine,153,4,4,0
2736,2022,20,mclaren,146,5,5,0
2737,2022,20,alfa,53,6,6,0
2738,2022,20,aston_martin,49,7,7,0
2739,2022,20,haas,36,8,8,0
2740,2022,20,alphatauri,35,9,9,0
2741,2022,20,williams,8,10,10,0
2742,2022,21,red_bull,719,1,1,16
2743,2022,21,ferrari,524,2,2,4
2744,2022,21,mercedes,505,3,3,1
2745,2022,21,alpine,167,4,4,0
2746,2022,21,mclaren,148,5,5,0
2747,2022,21,alfa,55,6,6,0
2748,2022,21,aston_martin,50,7,7,0
2749,2022,21,haas,37,8,8,0
2750,2022,21,alphatauri,35,9,9,0
2751,2022,21,williams,8,10,10,0
2752,2022,22,red_bull,759,1,1,17
2753,2022,22,ferrari,554,2,2,4
2754,2022,22,mercedes,515,3,3,1
2755,2022,22,alpine,173,4,4,0
2756,2022,22,mclaren,159,5,5,0
2757,2022,22,alfa,55,6,6,0
2758,2022,22,aston_martin,55,7,7,0
2759,2022,22,haas,37,8,8,0
2760,2022,22,alphatauri,35,9,9,0
2761,2022,22,williams,8,10,10,0
